att0,att1,att2,att3,att4,att5,att6,att7,att8,att9,att10,att11,att12,att13,att14,att15,att16,att17,att18,att19,att20,att21,att22,att23,att24,att25,att26,att27,att28,att29,att30,att31,att32,att33,att34,att35,att36,att37,att38,att39,att40,att41,att42,att43,att44,att45,att46,att47,att48,att49,att50,att51,att52,att53,att54,att55,att56,att57,att58,att59,att60,att61,att62,att63,att64,att65,att66,att67,att68,att69,att70,att71,att72,att73,att74,att75,att76,att77,att78,att79,att80,att81,att82,att83,att84,att85,att86,att87,att88,att89,att90,att91,att92,att93,att94,att95,att96,att97,att98,att99,att100,att101,att102,att103,att104,att105,att106,att107,att108,att109,att110,att111,att112,att113,att114,att115,att116,att117,att118,att119,att120,att121,att122,att123,att124,att125,att126,att127,att128,att129,att130,att131,att132,att133,att134,att135,att136,att137,att138,att139,att140,att141,att142,att143,att144,att145,att146,att147,att148,att149,att150,att151,att152,att153,att154,att155,att156,att157,att158,att159,att160,att161,att162,att163,att164,att165,att166,att167,att168,att169,att170,att171,att172,att173,att174,att175,att176,att177,att178,att179,att180,att181,att182,att183,att184,att185,att186,att187,att188,att189,att190,att191,att192,att193,att194,att195,att196,att197,att198,att199,att200,att201,att202,att203,att204,att205,att206,att207,att208,att209,att210,att211,att212,att213,att214,att215,att216,att217,att218,att219,att220,att221,att222,att223,att224,att225,att226,att227,att228,att229,att230,att231,att232,att233,att234,att235,att236,att237,att238,att239,att240,att241,att242,att243,att244,att245,att246,att247,att248,att249,att250,att251,att252,att253,att254,att255,att256,att257,att258,att259,att260,att261,att262,att263,att264,att265,att266,att267,att268,att269,att270,att271,att272,att273,att274,att275,att276,target
1.5818,1.9685,2.2775,2.2101,2.1845,2.2553,2.2653,2.0437,1.866,1.627,1.356,1.187,0.45683,0.37151,0.45784,0.59283,0.26433,0.06117,0.061094,-0.34084,-0.25133,-0.32446,-0.4429,-0.44897,-0.55454,-0.63334,-0.65257,-0.79334,-0.82185,-0.80498,-0.90979,-0.91592,-0.85854,-0.85231,-0.83432,-0.79777,-0.70981,-0.75655,-0.97096,-0.93698,-0.86883,-0.87099,-0.68969,-0.94001,-0.81739,-0.654,-0.65703,-0.76935,-0.70675,-0.70258,-0.77447,-0.78118,-0.74381,-0.6845,-0.73225,-0.69327,-0.6026,-0.56307,-0.46912,-0.40668,-0.26677,-0.25554,-0.24941,-0.26058,-0.11766,-0.24086,-0.13212,-0.2107,-0.25763,-0.54974,-0.24066,-0.39922,-0.98452,-0.48101,2.8128,2.7672,2.8642,1.8737,3.6259,1.9817,0.30029,0.56179,0.63648,0.59888,0.51101,0.48232,0.46727,0.57973,0.65796,0.65166,0.59408,0.50976,0.44842,0.353,0.28825,0.33374,0.35487,0.29548,0.30299,0.32479,0.28555,0.4334,0.65408,0.80884,0.99214,1.4303,1.6723,1.9218,2.3033,2.4648,2.6028,2.6447,2.357,2.2346,2.0965,1.6278,1.3849,1.0999,0.71699,0.58193,0.23468,0.027156,0.045532,0.077625,-0.16433,-0.38651,-0.37959,-0.39459,-0.33375,-0.58069,-0.57193,-0.56774,-0.64424,-0.60778,-0.60115,-0.75228,-0.54784,-0.57305,-0.67182,-0.68173,-0.74403,-0.78258,-0.79167,-0.79183,-0.91383,-0.92958,-0.86867,-0.85236,-0.85255,-0.8778,-0.84699,-0.84598,-0.93549,-0.94573,-0.88867,-0.77964,-0.78679,-0.7326,-0.71099,-0.75073,-0.67046,-0.64779,-0.69033,-0.54384,-0.38889,-0.44896,-0.75474,-0.57234,-0.38462,-0.3782,-0.28192,-0.061407,-0.48739,-0.69619,-0.54614,-0.51282,-0.56366,-0.86493,-0.96495,-0.99058,-0.45487,-0.30773,-0.15404,0.10606,0.29524,0.41172,0.49364,0.75099,0.73506,0.59697,0.44165,0.39788,0.57363,0.45704,0.20767,0.13577,0.13239,-0.051396,-0.006599,0.016037,-0.020924,-0.01633,-0.12153,-0.20016,-0.10526,-0.052841,0.073123,0.27859,0.62993,0.89763,1.1448,1.6545,1.8716,2.084,2.3628,2.3711,2.2962,2.0815,1.662,1.4019,1.0133,0.45711,0.27351,0.068381,-0.41108,-0.36305,-0.29235,-0.46636,-0.6712,-0.58228,-0.61242,-0.80887,-0.82387,-0.85864,-0.8766,-0.87141,-0.87088,-0.8499,-0.8591,-0.87386,-0.90157,-0.93983,-0.95788,-0.88303,-0.88452,-0.94568,-0.9822,-0.95969,-0.90067,-0.87327,-0.87307,-0.8847,-0.88566,-0.89022,-0.9239,-0.98297,-1.0147,-0.99892,-0.92623,-0.76266,-0.74837,-0.70693,-0.65555,-0.66811,-0.6223,-0.61421,-0.45426,-0.41588,-0.52549,-0.54478,-0.7434,-0.51204,-0.22336,-0.3231,-0.13158,-0.16675,-0.40436,0
-0.70495,-0.68934,-0.66281,-0.64026,-0.61723,-0.6338,-0.69777,-0.58704,-0.57592,-0.59176,-0.61259,-0.5923,-0.52255,-0.52325,-0.5695,-0.64113,-0.96079,-1.07,-1.0508,-1.1831,-1.1148,-0.96175,-0.75712,-0.35873,-0.18541,-0.002858,0.28267,0.37034,0.43596,0.48772,0.59407,0.58991,0.52178,0.46274,0.47565,0.43916,0.34039,0.33155,0.30683,0.20805,0.019428,0.056748,0.079621,0.012114,0.059581,0.14575,0.17831,0.18505,0.2251,0.42534,0.83849,1.0892,1.391,1.6757,2.309,2.6935,3.0112,3.2587,3.1227,2.935,2.5408,2.2586,1.987,1.6829,1.2398,1.0842,1.0016,0.67303,0.44668,0.2944,0.16202,-0.18109,-0.33277,-0.4106,-0.79949,-0.91008,-0.76481,-0.69843,-0.88931,-0.76101,-0.63036,-0.71236,-0.8255,-0.70284,-0.71799,-0.78842,-0.81651,-0.74216,-0.74216,-0.83937,-0.90587,-0.86425,-0.81345,-0.82034,-0.81668,-0.77378,-0.77309,-0.7658,-0.79354,-0.80328,-0.76391,-0.74124,-0.72506,-0.7219,-0.7394,-0.78781,-0.7648,-0.72411,-0.66006,-0.68505,-0.67205,-0.63808,-0.4553,-0.43556,-0.43826,-0.34009,-0.31508,-0.37067,-0.37513,-0.42325,-0.50152,-0.6418,-0.928,-0.97261,-0.95404,-0.83166,-0.68277,-0.44452,-0.19406,0.10833,0.23829,0.35324,0.5038,0.53712,0.54799,0.56816,0.32774,0.24729,0.17722,0.092163,0.055978,0.005392,-0.008528,-0.057591,-0.073536,0.17494,0.25099,0.053275,-0.000083,0.00804,0.015679,-0.005479,-0.025356,-0.10143,-0.021091,0.1372,0.64659,1.0331,1.4876,2.0213,2.6671,2.9462,2.9277,2.6688,2.3396,2.049,1.5841,1.3491,1.1786,0.92815,0.668,0.41208,0.082649,-0.21835,-0.2218,-0.29679,-0.43867,-0.68962,-0.80312,-0.85364,-0.90293,-0.93155,-0.94867,-0.96483,-0.94474,-0.96029,-1.007,-0.99363,-0.98954,-0.99726,-0.94325,-0.93761,-0.93052,-0.92783,-0.89504,-0.90883,-0.9184,-0.90707,-0.85549,-0.84581,-0.86443,-0.8923,-0.85615,-0.86638,-0.90146,-0.93885,-0.91814,-0.93723,-0.97204,-0.97201,-0.91904,-0.87379,-0.81708,-0.7518,-0.65404,-0.60618,-0.58539,-0.53981,-0.52474,-0.53216,-0.48169,-0.47163,-0.39112,-0.43288,-0.63189,-0.74768,-0.86213,-0.89532,-0.92352,-0.93088,-0.89395,-0.54171,-0.3131,-0.10903,0.060461,0.32546,0.41988,0.52289,0.68001,0.66009,0.69567,0.66671,0.53146,0.39978,0.302,0.19497,0.14989,0.094791,-0.000873,-0.058795,-0.07676,-0.092463,-0.01854,-0.11868,-0.12904,-0.090428,-0.068637,-0.004391,0.10468,0.47085,0.84697,1.2408,1.8831,2.1991,2.4913,2.7415,2.8272,2.5604,2.2099,1.6112,1.3426,0.99863,0.76697,0.39694,0.27111,0.091825,-0.51663,0
-1.181,-1.1719,-1.023,-1.0643,-1.0715,-1.1622,-1.1116,-1.1135,-1.101,-1.0765,-1.0421,-0.98707,-0.84601,-0.73296,-0.64956,-0.71564,-0.66237,-0.62578,-0.60106,-0.62238,-0.5637,-0.54957,-0.4809,-0.47588,-0.4452,-0.53145,-0.53392,-0.38359,-0.3747,-0.32202,-0.38372,-0.37253,-0.37972,-0.28909,-0.33219,-0.43525,-0.30871,-0.40912,-0.39155,-0.3487,-0.55366,-0.45137,-0.52758,-0.30309,-0.46235,-0.60055,-0.46252,-0.57885,-0.43618,-0.41967,-0.40861,-0.78661,-0.72892,-0.98732,-1.1154,-0.98351,-0.49056,0.6911,1.368,1.5395,2.021,2.4086,2.6469,2.3015,2.3103,2.127,1.9185,1.7845,1.8807,2.3526,2.5966,2.9625,3.4107,3.4819,3.2191,3.0619,2.5642,1.6202,0.71961,0.17396,-0.037715,-0.17489,-0.29169,-0.50013,-0.48473,-0.41618,-0.37244,-0.21319,-0.34249,-0.42499,-0.46695,-0.30092,-0.36023,-0.67539,-0.24114,-0.25752,-0.3193,-0.49826,-0.32432,-0.27599,-0.52328,-0.48984,-0.26135,-0.21999,-0.41002,-0.31594,-0.55328,-0.50498,-0.3707,-0.25003,-0.17761,-0.030056,-0.30479,-0.45482,-0.46848,-0.34189,-0.36679,-0.37113,-0.19212,-0.37325,-0.3333,-0.2865,-0.10137,-0.17574,-0.057457,-0.16038,-0.17702,-0.18476,-0.23042,-0.21621,-0.22067,-0.23033,-0.25918,-0.19497,-0.18591,-0.20957,-0.23497,-0.41665,-0.3053,-0.56706,-0.5206,-0.40019,-0.58106,-0.76627,-1.0442,-0.55689,-0.81482,-0.93617,-0.75534,-0.65046,-0.65165,-0.44712,-0.35947,-0.51137,-0.69101,-0.42108,-0.66454,-0.66986,-0.5546,-0.56506,-0.97392,-0.69339,-0.60025,-0.61199,-0.6688,-0.78555,-1.036,-1.046,-1.0262,-1.0767,-0.95506,-0.77027,-0.73453,-0.83644,-0.9372,-0.82235,-0.80806,-1.0561,-0.78678,-0.74411,-0.56349,-0.28271,0.028278,0.45359,0.96758,1.2867,1.3634,1.8144,2.1043,2.2814,2.1812,2.0696,1.9526,1.9286,1.958,2.3221,2.4723,2.7659,2.7887,2.7093,2.6879,2.3297,1.6937,1.3559,0.69553,0.41185,0.22762,0.019853,-0.050267,0.23094,-0.071413,0.029001,-0.047756,-0.051969,0.16265,0.15524,0.16124,0.19477,0.18137,0.14818,0.33688,0.24515,0.206,0.20298,0.22787,0.23145,0.24196,0.17316,0.17133,0.14278,0.11423,-0.077115,-0.12013,-0.1046,-0.13724,-0.19876,-0.11362,-0.32356,-0.38385,-0.31666,-0.13226,-0.1083,-0.025759,0.051807,0.15401,0.20898,0.11801,0.17256,0.12678,0.065253,0.039979,0.086059,-0.060095,-0.087369,-0.016185,0.008791,-0.15081,-0.25807,-0.22535,-0.31603,-0.34653,-0.27301,-0.38066,-0.34789,-0.32866,-0.28062,-0.31334,-0.28492,-0.46218,-0.33032,-0.33185,-0.54358,-0.50792,-0.5426,-0.58119,-0.61021,-0.52362,1
0.255,0.42555,0.64009,0.75965,0.82167,0.91699,0.94999,0.88581,0.89863,0.85124,0.68827,0.77437,0.94513,0.96839,0.88621,0.98336,1.1327,1.1984,1.2826,1.476,1.5872,1.6401,1.7685,1.8113,1.7624,1.6477,1.7197,1.6615,1.4773,1.4172,1.2959,1.0558,0.80986,0.62652,0.49911,0.41326,0.12941,0.01884,-0.18238,-0.24555,-0.41808,-0.55894,-0.67507,-0.86234,-0.87438,-0.83185,-0.92374,-0.8782,-0.9041,-0.97625,-1.0733,-1.1568,-1.3418,-1.4339,-1.4446,-1.4608,-1.4544,-1.5065,-1.5071,-1.4793,-1.5498,-1.4113,-1.4238,-1.4097,-1.359,-1.3122,-1.3544,-1.4993,-1.4139,-1.3924,-1.3972,-1.3461,-1.2564,-1.3042,-1.215,-1.2169,-1.1294,-1.0976,-1.1554,-1.1991,-1.2184,-1.1928,-1.2244,-0.97866,-0.9791,-0.96461,-1.0491,-1.0216,-1.0447,-0.95491,-0.941,-0.93456,-0.99915,-1.0877,-1.176,-1.1348,-1.0612,-1.0269,-1.0293,-1.1021,-1.1186,-1.1403,-1.187,-1.1737,-1.1455,-1.0717,-1.0058,-1.0015,-0.8386,-0.74027,-0.62977,-0.63544,-0.56827,-0.45984,-0.33616,-0.36224,-0.33371,-0.356,-0.23537,-0.20054,-0.13535,-0.016831,0.073576,0.19659,0.26034,0.36408,0.41225,0.49644,0.53788,0.6193,0.75603,0.8169,0.95388,1.0245,1.0232,1.0194,1.0024,0.9802,0.99304,0.9526,0.96365,0.89513,0.88093,0.81217,0.75831,0.76408,0.84601,0.85867,0.76271,0.77167,0.7679,0.83809,0.84768,0.88323,0.8217,0.92006,0.91353,0.90409,0.9543,0.89052,0.83849,0.81511,0.78217,0.60634,0.30639,0.13223,-0.022447,-0.09133,-0.20844,-0.22282,-0.38115,-0.47627,-0.53371,-0.61912,-0.71238,-0.73023,-0.8349,-0.8763,-0.89404,-0.87206,-0.86856,-0.87467,-0.88504,-0.89625,-0.86777,-0.92657,-0.92802,-0.95271,-0.94618,-0.93022,-0.91529,-0.87393,-0.89204,-0.89004,-0.9206,-0.92706,-0.95056,-0.88988,-0.90888,-0.86047,-0.82183,-0.72862,-0.72013,-0.73571,-0.67557,-0.6031,-0.70318,-0.62721,-0.59621,-0.52338,-0.4903,-0.67303,-0.625,-0.74963,-0.32896,-0.33905,-0.34811,-0.45678,-0.42351,-0.46676,-0.44102,-0.55996,-0.44429,-0.63223,-0.57139,-0.407,-0.30034,-0.22971,-0.099952,-0.020201,0.005999,-0.022842,0.14322,0.17834,0.19355,0.37762,0.39006,0.4608,0.53909,0.58026,0.672,0.71963,0.81141,0.88229,0.93232,1.1001,1.1851,1.2687,1.3232,1.3473,1.369,1.3806,1.4941,1.5239,1.5483,1.5367,1.544,1.5697,1.5423,1.5668,1.5962,1.6195,1.5259,1.6143,1.4445,1.4166,1.465,1.478,1.495,1.4479,1.3311,1.2514,1.3207,1.4299,1.525,1.5259,1.6186,1
1.4373,1.3574,1.308,1.0648,0.79257,0.50455,0.29864,-0.14186,-0.44574,-0.67216,-0.84342,-1.0047,-1.0696,-1.1188,-1.1718,-1.3163,-1.3047,-1.2729,-1.3051,-1.327,-1.3195,-1.3492,-1.3662,-1.3389,-1.3032,-1.2696,-1.2598,-1.2493,-1.22,-1.2089,-1.1878,-1.1642,-1.203,-1.2385,-1.2401,-1.2445,-1.1856,-1.2043,-1.2616,-1.223,-1.2077,-1.2365,-1.2335,-1.2528,-1.2642,-1.2524,-1.246,-1.2497,-1.2557,-1.1275,-1.146,-1.1366,-1.0951,-1.0622,-1.0871,-1.1278,-1.1776,-1.2111,-1.1699,-1.2101,-1.1866,-0.97731,-0.89275,-0.87102,-0.94721,-1.0868,-1.0712,-1.0848,-1.204,-1.2649,-1.1223,-1.0536,-1.1501,-1.0753,-0.75474,-0.64075,-0.49226,-0.35536,-0.15492,-0.077287,-0.016979,0.023707,0.083697,0.060187,0.012798,-0.002049,-0.070417,-0.21335,-0.18855,-0.17474,-0.16974,-0.069076,-0.006154,-0.024302,-0.063463,0.057087,0.2083,0.39295,0.52387,0.945,1.2157,1.4051,1.5466,1.8989,2.135,2.3103,2.4288,2.4792,2.4531,2.4088,2.2844,2.1019,1.5316,1.2108,0.91427,0.69995,0.50074,0.24646,0.031432,-0.058603,-0.18795,-0.25698,-0.23664,-0.22556,-0.33213,-0.37371,-0.36699,-0.41521,-0.43736,-0.41346,-0.40305,-0.36745,-0.32696,-0.31326,-0.31736,-0.3002,-0.32265,-0.40451,-0.35165,-0.27996,-0.26175,-0.30348,-0.27322,-0.28469,-0.3106,-0.28074,-0.2722,-0.33207,-0.33945,-0.26577,-0.28913,-0.32581,-0.3651,-0.39113,-0.42293,-0.44129,-0.43445,-0.39849,-0.3112,-0.29955,-0.3068,-0.30851,-0.36663,-0.36331,-0.33066,-0.27221,-0.23217,-0.17039,-0.12457,-0.10773,-0.18824,-0.18634,-0.12824,-0.12082,-0.25272,-0.46122,-0.48057,-0.45954,-0.47225,-0.50125,-0.36848,-0.14921,0.02731,0.3166,0.43013,0.53711,0.66156,0.75009,0.74266,0.78412,0.80919,0.63885,0.66242,0.61613,0.48675,0.43199,0.4516,0.45139,0.47774,0.47852,0.52841,0.57037,0.61472,0.71029,0.97753,1.2041,1.4759,1.7788,2.2606,2.4013,2.5579,2.7737,3.0179,3.0744,3.0633,3.0541,2.9716,2.5687,2.2975,2.0073,1.7405,1.1685,1.0124,0.81639,0.5166,0.19796,0.13551,0.12195,0.14808,0.10806,0.056081,0.035873,0.052898,0.13874,0.099482,0.12257,0.11837,0.038922,0.11927,0.090969,0.019518,0.003682,0.053216,0.062801,0.11768,0.17609,0.1054,0.14064,0.21747,0.15956,0.22925,0.24269,0.1051,-0.00297,0.088724,0.15889,0.071598,0.045441,0.1119,-0.014901,-0.008383,0.032354,0.092997,0.091405,0.032974,-0.009723,-0.040975,0.087936,0.11022,0.15967,0.16314,0.2421,0.25658,0.2294,0.32108,0.34068,0.32041,0
-1.7692,-1.7345,-1.7007,-1.7074,-1.664,-1.5946,-1.5018,-1.3896,-1.2591,-1.3671,-1.3691,-1.3522,-1.3939,-1.4663,-1.5254,-1.5276,-1.4973,-1.4711,-1.4152,-1.219,-1.149,-1.0515,-0.93154,-0.82906,-0.67852,-0.59889,-0.53995,-0.52645,-0.42107,-0.41516,-0.42093,-0.37251,-0.34388,-0.37436,-0.37765,-0.33721,-0.35395,-0.37709,-0.36891,-0.36507,-0.35034,-0.32987,-0.23085,-0.096817,0.031981,0.17916,0.28747,0.46581,0.69324,1.0093,1.1983,1.3587,1.4933,1.7211,1.7391,1.6498,1.5463,1.2768,1.03,0.76657,0.56402,0.18043,0.009574,-0.11817,-0.23734,-0.35511,-0.55411,-0.64502,-0.632,-0.61459,-0.71539,-0.73386,-0.72671,-0.73099,-0.75425,-0.77201,-0.78884,-0.77141,-0.73836,-0.75079,-0.74642,-0.74668,-0.80589,-0.78276,-0.81386,-0.82131,-0.80529,-0.81147,-0.80888,-0.82632,-0.84223,-0.85002,-0.86464,-0.88025,-0.88258,-0.92483,-0.97872,-1.0066,-1.0078,-1.0193,-1.0303,-0.96731,-0.92404,-1.0334,-1.0047,-0.98397,-0.99792,-1.001,-0.91208,-0.89557,-0.87698,-0.83765,-0.81677,-0.81832,-0.78383,-0.73049,-0.66761,-0.70522,-0.71437,-0.71515,-0.79557,-0.86832,-0.92017,-0.95001,-0.86154,-0.76326,-0.64043,-0.51828,-0.36834,-0.18811,-0.092965,0.002265,0.094419,0.22048,0.34431,0.47974,0.53785,0.44881,0.44164,0.46356,0.45516,0.35719,0.30245,0.26419,0.23362,0.34416,0.35661,0.33054,0.322,0.38808,0.53119,0.682,0.80463,0.96032,1.4208,1.6489,1.8682,2.0235,2.2674,2.4054,2.4727,2.5489,2.387,2.2614,2.1673,2.0388,1.6117,1.4184,1.248,1.0306,0.61823,0.43707,0.31297,0.19848,0.087519,-0.13918,-0.19054,-0.22384,-0.28039,-0.2773,-0.29352,-0.33816,-0.3693,-0.37813,-0.37555,-0.36008,-0.39317,-0.3611,-0.33636,-0.33712,-0.34512,-0.3697,-0.40958,-0.38347,-0.32101,-0.31292,-0.36043,-0.36844,-0.34537,-0.30939,-0.28872,-0.30731,-0.33756,-0.37,-0.36711,-0.31834,-0.40189,-0.49581,-0.51153,-0.49574,-0.49263,-0.49706,-0.47291,-0.34865,-0.29191,-0.33045,-0.34573,-0.31311,-0.25323,-0.24857,-0.23524,-0.2058,-0.19502,-0.16937,-0.10524,-0.072223,-0.13716,-0.19257,-0.23163,-0.22423,-0.17122,-0.13254,-0.12567,0.049817,0.19089,0.32926,0.50927,0.67821,0.84347,0.89711,0.93884,1.0227,1.0256,0.9907,1.0384,1.0832,1.0025,0.95532,0.95991,0.97162,0.79203,0.75256,0.74545,0.69495,0.68267,0.69598,0.80464,0.8113,0.77061,1.141,1.3425,1.521,1.6962,2.2128,2.3673,2.4466,2.5563,2.505,2.5357,2.4373,2.3336,1.9649,1.7516,1.4014,1.1658,0.60421,0.6199,0
1.2217,1.3852,1.2287,1.0923,0.87003,0.73761,0.59497,0.25669,0.17533,0.16844,0.26913,-0.10894,-0.40135,-0.32269,-0.21258,-0.13425,-0.086743,-0.12761,-0.18357,-0.24987,-0.19827,-0.004727,-0.22875,-0.22373,-0.3173,-0.62585,-0.69061,-0.42774,-0.47951,-0.49261,-0.52715,-0.51115,-0.51365,-0.58528,-0.49144,-0.70783,-1.0262,-1.0979,-0.23522,0.24644,0.48969,1.2143,1.7325,2.2501,2.286,2.2398,2.0365,1.5924,1.0173,0.92328,0.80074,0.56669,0.54457,0.42058,0.39334,0.26084,0.056991,-0.19913,-0.12344,-0.087806,-0.1034,-0.062576,-0.16206,-0.26829,-0.22824,-0.24249,-0.20305,-0.2588,-0.27031,-0.093087,-0.11573,-0.20909,-0.25261,-0.25739,-0.42274,-0.75805,-0.80617,-0.92194,-1.0316,-1.7326,-1.7734,-0.9329,-0.020091,0.6126,1.2335,1.2615,1.7138,1.9535,1.7802,0.85634,0.7776,0.83475,0.70967,0.51646,0.39504,0.35463,0.21829,0.08976,-0.002806,-0.085126,-0.21441,-0.24877,-0.26327,-0.067728,-0.26789,-0.17727,-0.15577,-0.0025,-0.01804,0.015828,0.031378,0.082162,-0.037112,-0.050013,-0.040593,0.029107,-0.00582,-0.59022,-0.99134,-1.3352,-1.3491,-1.7243,-1.3504,-0.82934,-0.097219,0.61851,0.86523,1.29,1.4209,1.5457,1.9473,2.3262,2.3004,1.5694,0.94192,0.34952,0.33503,0.16773,0.081688,0.020964,-0.021156,-0.090708,-0.12249,-0.18797,-0.19489,-0.29491,-0.47435,-0.48824,-0.46871,-0.43599,-0.45216,-0.49256,-0.52006,-0.44442,-0.42143,-0.37095,-0.43976,-0.21554,-0.2168,-0.19579,-0.13034,-0.077345,-0.029297,-0.10031,-0.26335,-0.32074,-0.58241,-0.63927,-0.73846,-0.98776,-0.95521,-0.57293,0.16913,0.30452,0.64165,1.2891,1.704,2.1102,2.5539,2.8707,2.5849,1.4469,0.83106,0.60792,0.002131,-0.15552,-0.2041,-0.38792,-0.48054,-0.55657,-0.67827,-0.83761,-0.76199,-0.7996,-0.93671,-0.98128,-1.034,-1.1025,-1.0464,-1.1255,-1.3393,-1.2006,-1.2415,-1.2432,-1.3825,-1.3591,-1.402,-1.5099,-1.4928,-1.501,-1.5861,-1.6892,-1.8203,-1.9168,-2.2628,-2.2043,-2.6435,-1.55,0.089066,0.35723,0.78342,1.252,1.169,1.2027,1.2732,1.4351,1.2746,1.0956,0.94397,0.86721,0.68969,0.55774,0.40634,0.34094,0.3221,0.38277,0.50603,0.28669,0.11356,-0.022352,-0.15613,-0.2568,-0.32206,-0.51525,-0.55656,-0.58727,-0.69644,-0.76297,-0.86053,-0.90313,-0.66674,-0.65533,-0.63759,-0.61499,-0.66142,-0.66301,-0.59373,-0.62903,-0.74382,-0.78984,-0.8049,-0.93118,-1.1178,-1.3723,-1.7107,-1.3717,-0.27699,0.33709,0.60188,0.77816,0.88945,1.1075,1.9888,2.4198,2.7205,2.8118,2.4751,1
-0.77438,-0.667,-0.59913,-0.56631,-0.2005,-0.003765,-0.06196,0.196,0.24077,0.32031,0.24741,0.44661,0.57249,0.59649,0.78544,0.86512,1.0169,1.0976,1.1201,1.1431,1.1294,1.0332,1.1787,1.1329,1.1792,1.1183,1.1679,1.2027,1.2827,1.2376,0.69907,0.34592,0.18272,-0.052,-0.42246,-0.46738,-0.40074,-0.3442,-0.33828,-0.28629,-0.17389,-0.11973,-0.098906,0.012455,0.082507,0.1204,0.16484,0.35157,0.40217,0.42906,0.44325,0.40729,0.44865,0.43016,0.42285,0.52549,0.72995,0.88234,0.99849,1.0329,1.0217,1.0143,1.0957,1.1582,1.0632,1.0252,1.0092,1.1983,1.4346,1.4638,1.654,1.8359,1.8095,1.6934,1.4024,1.2985,0.63794,-0.25974,-0.6883,-0.48915,-0.53501,-0.5887,-0.46273,-0.37446,-0.1968,-0.10133,0.19344,-0.005046,0.000551,0.27506,0.3767,0.42223,0.54104,0.58221,0.6856,0.73645,0.67716,0.75741,0.74731,0.87688,1.0178,1.12,1.2133,1.2574,1.206,1.082,0.99479,1.1176,1.1165,0.88566,0.75698,0.50879,0.43888,0.29119,0.27834,0.4368,0.28673,1.0346,0.98872,0.77401,-0.46183,-0.84343,-1.2846,-1.3236,-1.31,-1.3292,-1.358,-1.2841,-1.2677,-1.0949,-0.87948,-0.80819,-0.74853,-0.5499,-0.32447,-0.030278,-0.061106,-0.067936,-0.15739,0.092229,0.17253,0.27284,0.30314,0.31291,0.41934,0.33625,0.468,0.40668,0.22825,0.37533,0.18353,0.014732,0.059362,0.17746,0.17039,0.19989,-0.093974,0.3426,0.27525,0.2671,0.44609,0.55295,0.58937,0.68461,0.72895,0.81622,0.84501,0.95058,0.88091,-0.04555,-0.93402,-1.2211,-1.1847,-1.1207,-1.2684,-1.1289,-1.306,-0.96395,-0.9197,-0.66686,-0.44859,-0.41999,-0.23687,-0.21098,-0.1101,-0.007891,0.17058,0.23456,0.26444,0.27378,0.373,0.45837,0.6461,0.73659,0.73702,0.80806,0.87437,0.82049,0.86261,0.84306,0.92374,1.0865,1.1529,1.1926,1.2126,1.4073,1.1402,1.0114,0.96524,0.86555,0.72981,0.77401,0.94926,0.79621,0.89552,-0.30683,-1.5131,-1.2507,-2.3283,-2.3939,-2.5677,-2.3817,-2.6666,-2.714,-2.6683,-2.5616,-2.5455,-2.5583,-2.3427,-2.1723,-1.9971,-1.7547,-1.709,-1.4031,-1.2296,-1.1298,-0.96912,-0.93269,-0.86435,-0.89432,-0.83779,-0.71045,-0.6513,-0.60108,-0.53249,-0.55777,-0.45955,-0.23716,-0.045597,-0.085626,0.078428,-0.073627,-0.071825,-0.051525,-0.071208,-0.066323,-0.014958,-0.10806,-0.074718,0.33331,0.53331,0.40236,-0.67364,-1.5151,-1.8802,-1.8063,-1.5122,-1.8896,-1.7736,-1.7534,-1.6446,-1.6851,-1.3817,-1.467,-1.5895,-1.4929,-1.1202,1
-1.4944,-1.6236,-1.2836,-1.2221,-1.1546,-1.071,-1.0151,-0.92858,-1.262,-1.3456,-1.3208,-1.3982,-1.3622,-1.1914,-1.1236,-1.2193,-1.5315,-1.663,-1.6526,-1.7769,-1.7496,-1.5281,-1.5622,-1.5355,-1.4526,-1.5489,-1.5361,-1.7785,-2.0258,-2.0085,-1.903,-1.7991,-1.6771,-1.5107,-1.2806,-1.1371,-0.97438,-0.84144,-0.73294,-0.61884,-0.4582,-0.32858,-0.36311,-0.36272,-0.30602,-0.11534,-0.21052,-0.22896,-0.24169,-0.26258,-0.2378,-0.21097,-0.20435,-0.17928,-0.16823,-0.19945,-0.19288,-0.12677,-0.10629,-0.18326,-0.048106,0.095946,0.17188,0.24112,0.34806,0.48458,0.59921,0.73376,0.93215,1.1468,1.3316,1.5299,1.761,1.9597,2.1171,2.2343,2.3168,2.367,2.3117,2.2021,2.0794,1.8835,1.5908,1.2461,0.95583,0.70825,0.41423,0.14818,-0.006069,-0.075025,-0.073608,-0.073467,-0.11238,-0.20046,-0.266,-0.27093,-0.27841,-0.31395,-0.3846,-0.40989,-0.35978,-0.32411,-0.34128,-0.34473,-0.30257,-0.2828,-0.30377,-0.34945,-0.39651,-0.40288,-0.3846,-0.38135,-0.35111,-0.33426,-0.3408,-0.34341,-0.30632,-0.23907,-0.21279,-0.22865,-0.27577,-0.3562,-0.44531,-0.47886,-0.42308,-0.38239,-0.44331,-0.5402,-0.61129,-0.66069,-0.67214,-0.66972,-0.69429,-0.68169,-0.67348,-0.66775,-0.6657,-0.69617,-0.66256,-0.67382,-0.7604,-0.73312,-0.62671,-0.55377,-0.60724,-0.69233,-0.71835,-0.90897,-1.0421,-1.0615,-1.0444,-0.94115,-0.80915,-0.69413,-0.55195,-0.36492,-0.14447,0.03322,0.11824,0.18374,0.23883,0.2969,0.35005,0.49659,0.51467,0.48798,0.4967,0.51546,0.52684,0.52286,0.55327,0.55741,0.51155,0.58073,0.5446,0.53887,0.5596,0.51891,0.51028,0.55783,0.57444,0.67657,0.70313,0.75572,0.89526,0.96276,1.0259,1.1798,1.3611,1.5643,1.8021,2.0297,2.203,2.3779,2.5532,2.6994,2.8461,2.8149,2.8376,2.8022,2.6789,2.4725,2.2462,1.927,1.6516,1.4293,1.1716,0.91285,0.77928,0.68434,0.53939,0.38286,0.30837,0.28637,0.29443,0.25963,0.20517,0.18054,0.15627,0.18486,0.32089,0.16305,0.071891,0.14407,0.18151,0.18216,0.17672,0.13887,0.15677,0.16207,0.15386,0.14743,0.15483,0.18779,0.19626,0.15454,0.15808,0.19299,0.15195,0.11139,0.072945,0.033232,0.071639,0.091341,0.03763,0.013791,0.035248,0.030643,-0.000479,-0.013896,-0.026157,-0.060471,-0.090397,-0.11659,-0.12527,-0.14898,-0.20502,-0.15641,-0.13455,-0.18566,-0.24687,-0.2404,-0.2356,-0.22096,-0.18977,-0.26554,-0.31056,-0.31557,-0.42079,-0.56423,-0.7026,-0.73477,-0.68298,-0.60238,-0.50073,-0.35696,-0.18134,0
-0.23234,-0.29868,-0.24738,-0.18402,-0.11613,0.003129,0.12446,0.22571,0.30515,0.44896,0.63083,0.82427,1.0437,1.2622,1.3816,1.4782,1.5664,1.5805,1.5019,1.3788,1.2199,1.0581,0.82339,0.50181,0.23969,0.057144,-0.091609,-0.32399,-0.55018,-0.61583,-0.63049,-0.69091,-0.76404,-0.83475,-0.87503,-0.9055,-0.92224,-0.90038,-0.846,-0.78437,-0.7481,-0.74492,-0.77321,-0.8013,-0.82011,-0.9281,-1.0847,-1.1097,-0.96313,-0.80301,-0.75941,-0.78858,-0.81191,-0.83839,-0.87538,-0.92588,-0.97365,-0.98747,-0.98504,-0.9823,-1.0088,-1.0759,-1.1383,-1.1639,-1.1764,-1.2018,-1.2473,-1.2759,-1.2916,-1.3513,-1.4302,-1.5039,-1.4936,-1.3538,-1.3352,-1.4352,-1.4792,-1.5637,-1.596,-1.6355,-1.7193,-1.6579,-1.5795,-1.5672,-1.5033,-1.463,-1.4958,-1.5301,-1.5208,-1.4589,-1.3478,-1.2351,-1.1029,-0.9474,-0.76467,-0.60172,-0.4625,-0.3363,-0.23913,-0.15438,-0.065214,0.020243,0.078463,0.12687,0.17552,0.21148,0.22633,0.23923,0.25775,0.24796,0.22047,0.18902,0.16426,0.1714,0.18736,0.1646,0.15833,0.18374,0.32838,0.34239,0.30605,0.49743,0.52301,0.54548,0.56665,0.6486,0.7434,0.8338,0.96878,1.1225,1.2747,1.4519,1.5387,1.646,1.7987,1.9461,2.043,2.0624,1.973,1.8382,1.7159,1.5113,1.2291,0.96557,0.73808,0.49405,0.26207,0.11724,0.012281,-0.092868,-0.1709,-0.18057,-0.19011,-0.25318,-0.30596,-0.30356,-0.26415,-0.23361,-0.25262,-0.25704,-0.22397,-0.20285,-0.20757,-0.20325,-0.21609,-0.24735,-0.24769,-0.27742,-0.32379,-0.34134,-0.37119,-0.3913,-0.36536,-0.3063,-0.27437,-0.28465,-0.30484,-0.27761,-0.21247,-0.17821,-0.19296,-0.27777,-0.36469,-0.42323,-0.46692,-0.53847,-0.58464,-0.54727,-0.52594,-0.53987,-0.60589,-0.69709,-0.80905,-0.93566,-0.97854,-1.0193,-1.0492,-1.0677,-1.0685,-1.0785,-1.0742,-1.0286,-1.0344,-1.1146,-1.116,-1.053,-1.0281,-1.03,-1.0355,-1.0398,-0.99883,-0.95441,-0.86679,-0.71627,-0.56629,-0.40062,-0.25504,-0.064818,0.27614,0.22587,0.33872,0.63632,0.54832,0.61317,0.59459,0.54195,0.77596,0.66441,0.77279,0.8003,0.79414,0.78467,0.74842,0.67441,0.62521,0.63904,0.6595,0.6376,0.65803,0.74169,0.76757,0.8012,0.85266,0.86884,0.90161,0.93459,1.0644,1.1295,1.1534,1.34,1.5745,1.7593,1.9165,1.9999,2.0974,2.2119,2.3195,2.3554,2.3853,2.3724,2.3078,2.1896,2.0082,1.7677,1.5262,1.3184,1.1542,0.90692,0.72244,0.72667,0.68927,0.55373,0.45923,0.41251,0.37169,0.36003,0.3838,0
-0.18376,-0.1362,-0.12271,-0.12381,-0.12062,-0.12673,-0.1552,-0.18521,-0.20151,-0.21041,-0.21648,-0.33137,-0.27931,-0.22359,-0.25176,-0.2899,-0.35916,-0.43724,-0.48605,-0.4059,-0.41946,-0.51138,-0.52834,-0.62428,-0.64735,-0.69325,-0.75148,-0.71126,-0.72656,-0.67557,-0.55554,-0.53169,-0.75754,-1.0139,-0.87961,-0.8324,-0.69573,-0.4939,-0.40127,-0.16835,0.2726,0.57282,0.90884,0.99242,1.0739,0.84644,0.81037,0.73057,0.65963,0.67958,0.67646,0.62335,0.58027,0.48947,0.53806,0.59347,0.77,0.93568,1.3232,1.4696,1.7562,2.1884,2.2682,2.2295,2.0723,1.9164,1.5034,1.1029,0.89999,0.66372,0.5257,0.34917,0.18347,0.058059,-0.058602,-0.0947,-0.12033,-0.098768,-0.089916,-0.085669,-0.087664,-0.081908,-0.062362,-0.080066,0.021014,0.042351,0.095309,0.13803,0.11317,0.12161,0.1126,0.10142,0.083898,-0.009558,-0.005644,-0.008816,-0.031995,-0.07628,-0.055659,-0.10429,-0.18422,-0.20074,-0.23477,-0.25805,-0.3654,-0.39369,-0.40817,-0.44253,-0.45553,-0.51964,-0.55971,-0.51452,-0.46469,-0.54246,-0.54957,-0.78131,-0.75243,-0.54139,-0.48303,-0.61995,-0.56651,-0.64889,-0.80032,-0.70062,-0.51949,-0.35685,-0.35112,-0.13615,0.14875,0.58887,0.86831,1.0492,1.3335,1.6282,1.6737,1.7055,1.827,1.566,1.4581,1.3006,1.3195,1.2701,1.1679,1.0712,0.93532,0.91874,1.1462,1.1196,1.2551,1.5578,1.9704,2.3442,2.5239,2.8869,3.1161,3.2053,3.1045,3.0026,2.5559,2.0548,1.5658,1.0395,0.91613,0.54622,0.17664,-0.24053,-0.29886,-0.34613,-0.3961,-0.47802,-0.54441,-0.5111,-0.47932,-0.42506,-0.46216,-0.4795,-0.49232,-0.46712,-0.51156,-0.40012,-0.40769,-0.41969,-0.53453,-0.50787,-0.48375,-0.50447,-0.45993,-0.51744,-0.57094,-0.681,-0.66513,-0.6154,-0.6952,-0.71336,-0.68118,-0.7273,-0.74296,-0.79126,-0.84038,-0.80116,-0.6592,-0.7194,-0.48863,-0.66406,-0.65063,-0.56234,-0.5067,-0.58137,-0.56278,-0.54891,-0.2,0.00024,0.028152,0.14387,0.53808,0.80116,1.0239,0.79468,0.96093,0.99117,0.87123,0.62586,0.29655,0.37512,0.32136,0.038411,-0.12847,-0.21817,-0.045528,0.061615,0.23195,1.0032,1.1174,1.3481,1.1599,0.92258,0.91385,0.68961,0.35178,0.17521,-0.21497,-0.75908,-1.1746,-1.3132,-1.397,-1.499,-1.5041,-1.5299,-1.5077,-1.4981,-1.4885,-1.4538,-1.4558,-1.3352,-1.2916,-1.4333,-1.4059,-1.4036,-1.3184,-1.3442,-1.3487,-1.3093,-1.2038,-1.3668,-1.3484,-1.3631,-1.4961,-1.4703,-1.4782,-1.3039,-1.2492,-1.0743,-1.4781,-1.4797,-1.5973,-1.6729,-1.8307,1
1.1707,1.0822,0.91514,0.83454,0.72949,0.4991,0.51435,0.35231,0.29511,0.13608,0.041525,0.014431,-0.14568,-0.035837,0.23249,0.33704,0.43756,0.59812,0.68178,0.83426,0.91654,0.9647,0.88009,0.78062,0.72279,0.52416,0.29649,0.056997,-0.0654,-0.17523,-0.28576,-0.48205,-0.68752,-0.79873,-0.80566,-0.89558,-1.0242,-1.0995,-1.0945,-1.1102,-1.0991,-1.1062,-1.1644,-1.1504,-1.0846,-1.1582,-1.1106,-1.2031,-1.1941,-1.1996,-1.1855,-1.2296,-1.339,-1.3566,-1.4372,-1.4462,-1.4069,-1.426,-1.5104,-1.5503,-1.5702,-1.6376,-1.5781,-1.5754,-1.5541,-1.4977,-1.424,-1.3648,-1.3159,-1.3354,-1.3014,-1.1728,-1.0791,-0.89304,-0.5795,-0.43372,-0.070361,0.33,0.70045,0.96631,1.0651,1.2422,1.2634,1.2737,1.1851,1.1496,1.1302,0.94749,0.8074,0.70804,0.64921,0.51832,0.43361,0.32327,0.29336,0.30619,0.30265,0.41547,0.60254,0.74968,1.0375,1.1617,1.4683,1.6654,1.8258,1.978,2.0444,2.1271,2.1831,2.1084,2.0294,1.9331,1.7395,1.5192,1.2176,0.96398,0.82122,0.64296,0.51111,0.37965,0.32816,0.29081,0.17094,-0.01751,-0.13504,-0.1896,-0.22419,-0.2832,-0.30283,-0.29155,-0.25364,-0.25912,-0.26509,-0.24423,-0.19769,-0.2177,-0.20705,-0.25374,-0.21995,-0.24801,-0.31024,-0.51012,-0.54694,-0.51415,-0.58268,-0.74292,-0.79898,-0.77346,-0.74368,-0.78442,-0.86919,-0.95433,-0.98052,-1.1072,-0.95877,-1.0466,-0.99991,-0.98252,-0.94876,-1.0293,-0.98607,-0.84715,-0.83109,-0.71686,-0.67099,-0.71568,-0.60119,-0.55859,-0.23536,0.003263,0.31174,0.70258,0.90023,1.1339,1.2538,1.3669,1.411,1.4076,1.4179,1.3132,1.1983,1.1431,0.92569,0.8194,0.65462,0.41257,0.4711,0.44238,0.45445,0.52099,0.7567,0.92751,1.2088,1.2947,1.4212,1.5025,1.5614,1.4744,1.3972,1.1738,0.82421,0.58532,0.44662,0.4417,0.17647,-0.093445,-0.33126,-0.61104,-0.7031,-0.86455,-0.83899,-0.90049,-1.0049,-0.99285,-0.95809,-0.93583,-0.94067,-0.92758,-0.94322,-0.94625,-1.0033,-0.99612,-0.97221,-1.0704,-0.83849,-0.86192,-1.028,-1.0652,-1.0917,-1.102,-1.1691,-1.1755,-1.3624,-1.3877,-1.3002,-1.0907,-1.0872,-1.0492,-1.2112,-1.1777,-1.171,-1.2152,-1.1193,-1.0189,-1.0294,-0.99094,-0.78699,-0.53738,-0.29332,-0.1928,0.14313,0.43989,0.83254,1.0018,0.9553,1.1054,1.2464,1.3606,1.3051,1.1967,1.0772,0.9083,1.1027,0.83707,0.8474,0.95272,1.07,1.1852,1.4157,1.2091,1.3459,1.3661,1.4029,1.1807,0.60979,0.83202,0.24652,1
-1.3116,-1.2218,-1.2452,-1.4362,-1.4492,-1.2228,-1.1283,-1.1709,-1.2211,-1.1332,-0.98637,-1.0461,-1.1305,-1.3101,-1.4383,-0.17485,-0.79954,-0.26662,-0.26171,0.76361,1.2152,0.63089,0.71376,0.4219,0.22392,0.10148,-0.075516,-0.19191,-0.20317,-0.19481,-0.3611,-0.44876,-0.29416,-0.16971,-0.27542,-0.21993,-0.002246,0.19595,0.77149,1.1784,1.9,2.1481,2.464,2.4668,2.5599,2.4404,1.8381,1.4248,0.6389,0.16657,-0.67747,-1.1757,-1.2682,-1.2224,-1.1681,-1.1822,-1.1414,-1.0663,-1.0832,-0.97517,-1.061,-0.90591,-0.83735,-0.85214,-0.88177,-0.94307,-0.95632,-0.99062,-0.96703,-0.78318,-0.79192,-0.84897,-0.83747,-0.80036,-0.72583,-0.81341,-0.87914,-0.85392,-0.79673,-0.77743,-0.80291,-0.78535,-0.68481,-0.78739,-0.57115,-0.60719,-0.68325,-0.68599,-0.48697,-0.62682,-0.6639,-0.56104,-0.6365,-0.56201,-0.60098,-0.73028,-0.60511,-0.51428,-0.4383,-0.41851,-0.85102,-0.48132,-0.23294,0.22586,0.47995,0.7154,0.83919,0.87247,0.95556,0.77338,0.72057,0.7505,0.60743,0.6094,0.52887,0.50008,0.45592,0.37341,0.17805,0.19894,0.21398,0.38319,0.5603,0.90053,1.0751,1.7402,2.1153,2.2915,2.8565,2.9291,3.105,3.2425,2.9007,2.5161,1.8048,1.4379,0.62291,0.20548,-0.35493,-0.66988,-0.6814,-0.60647,-0.58538,-0.60489,-0.34442,-0.38518,-0.33726,-0.31433,-0.41915,-0.39971,-0.37399,-0.37946,-0.4127,-0.55313,-0.60753,-0.35236,-0.35837,-0.44223,-0.46719,-0.39444,-0.39442,-0.47244,-0.44955,-0.40973,-0.40807,-0.40677,-0.41863,-0.45592,-0.46713,-0.53571,-0.52995,-0.41669,-0.35334,-0.351,-0.40185,-0.31674,-0.27869,-0.26037,-0.27191,-0.30393,-0.21143,-0.19958,-0.25684,-0.34763,-0.45726,-0.57698,-0.27755,-0.57111,-0.49188,-0.21843,0.2153,0.42094,0.7148,0.81141,1.0314,1.0181,0.98511,0.93319,0.81886,0.71149,0.50644,0.41553,0.22268,0.19718,-0.01704,0.19497,0.17659,-0.032055,-0.011648,0.11467,0.23715,0.6475,0.87163,1.2862,1.8408,2.7256,2.9352,3.4456,3.5575,3.1648,2.8126,1.6162,1.138,0.49527,0.1658,-0.44335,-0.57728,-0.5512,-0.74148,-0.78378,-0.37521,-0.34821,-0.44947,-0.43235,-0.36451,-0.38475,-0.44752,-0.50922,-0.5575,-0.45259,-0.59965,-0.4643,-0.36735,-0.40737,-0.3789,-0.15388,-0.17208,-0.24699,-0.30156,-0.28643,-0.22633,-0.16516,-0.37992,-0.15865,-0.11591,-0.1117,-0.19169,-0.10198,0.027243,-0.22366,-0.10571,-0.089829,-0.14151,-0.12762,-0.10492,-0.12403,-0.12375,-0.25654,-0.30016,-0.26002,-0.33313,-0.26257,-0.36565,-0.17232,-0.12269,-0.019025,0.26473,0
2.1588,2.0241,1.8325,1.1835,0.86343,0.15215,-0.18856,-0.71441,-0.9354,-1.2859,-1.3822,-1.4395,-1.4161,-1.3452,-1.3183,-1.3241,-1.2586,-1.2427,-1.2541,-1.2592,-1.2014,-1.2965,-1.2656,-1.274,-1.3176,-1.3103,-1.27,-1.2606,-1.0629,-0.90268,-1.0003,-1.0532,-1.0077,-0.9797,-0.96884,-0.95348,-0.95022,-0.97029,-0.95995,-1.013,-0.97658,-0.91605,-0.92532,-0.90113,-0.8801,-0.8467,-0.92253,-0.97649,-0.93032,-0.90777,-0.80666,-0.81311,-0.86274,-0.84045,-0.80414,-0.79411,-0.75253,-0.63489,-0.49909,-0.16092,-0.020654,0.19494,0.26533,0.37474,0.38135,0.29153,0.24236,0.14145,0.067092,-0.14409,-0.20666,-0.27174,-0.31336,-0.4577,-0.41791,-0.39459,-0.31675,-0.24572,-0.026306,0.15703,0.57284,0.83399,1.4302,1.7131,2.2798,2.5699,2.8315,2.8457,2.6048,2.3421,1.5871,1.2394,0.60256,0.30292,-0.13262,-0.38731,-0.66115,-0.7508,-0.77892,-0.81657,-0.76682,-0.72509,-0.68169,-0.64428,-0.5608,-0.42877,-0.44737,-0.53102,-0.53849,-0.34234,-0.37291,-0.46333,-0.43629,-0.36845,-0.37146,-0.35765,-0.37516,-0.47816,-0.40926,-0.40688,-0.45701,-0.43618,-0.4576,-0.52802,-0.53271,-0.53299,-0.40154,-0.40662,-0.37513,-0.35488,-0.23881,-0.16653,-0.10278,-0.10338,-0.19219,-0.15957,0.0238,0.015151,-0.096679,-0.23001,-0.10622,0.01281,-0.016732,-0.11783,-0.13104,0.014241,0.33485,0.46453,0.9189,0.84958,0.94429,0.8916,0.81367,0.63115,0.52062,0.36842,0.31648,0.27621,0.23215,0.008724,0.008112,-0.024099,-0.053716,-0.072029,-0.043008,0.12245,0.25349,0.67692,0.89126,1.3868,1.6497,2.1776,2.5321,3.0291,3.0889,3.0627,2.7765,2.229,1.6429,1.2673,0.47333,0.23059,-0.22648,-0.37641,-0.68094,-0.70315,-0.69012,-0.66627,-0.72611,-0.68627,-0.55266,-0.47911,-0.50475,-0.51277,-0.56593,-0.50183,-0.51518,-0.54428,-0.53081,-0.50398,-0.57411,-0.56727,-0.50545,-0.58023,-0.54419,-0.45866,-0.41211,-0.40379,-0.38517,-0.40736,-0.43187,-0.38145,-0.38117,-0.34878,-0.28526,-0.27501,-0.29183,-0.26419,-0.24722,-0.17752,-0.069777,-0.039191,-0.056743,-0.18071,-0.14874,-0.011394,0.028364,-0.051643,-0.096843,-0.06071,-0.1287,-0.090699,0.25796,0.40312,0.59622,0.66154,0.73494,0.7659,0.7976,0.68797,0.55721,0.47175,0.318,0.23173,-0.004966,-0.095427,-0.047229,-0.033763,-0.10033,-0.089879,-0.145,-0.1158,0.1682,0.42268,0.76155,1.2515,1.6514,2.2322,2.333,3.0283,2.9966,2.8869,2.6853,1.9752,1.6216,0.87387,0.56412,-0.011066,-0.22636,-0.57438,-0.69148,-0.63007,-0.61601,-0.64673,-0.59261,-0.42231,-0.39812,0
0.045607,0.084815,0.23699,0.25049,0.20538,0.18296,0.050827,-0.056541,-0.042516,0.073824,0.388,0.52516,0.49561,0.48252,0.84898,0.63967,0.59333,0.24512,0.07092,0.039044,0.14002,0.055425,-0.17141,-0.33016,-0.38645,-0.34343,-0.54988,-0.65735,-0.70016,-0.7237,-0.94955,-0.96078,-0.80046,-0.89258,-0.93321,-0.85182,-0.83,-0.76702,-0.71962,-0.75999,-0.70695,-0.63833,-0.57582,-0.54727,-0.53174,-0.53303,-0.45662,-0.5271,-0.52315,-0.48208,-0.33786,-0.32371,-0.14772,0.00619,0.20117,0.58406,1.1632,1.481,1.9444,2.2386,2.6358,2.7264,2.4246,1.6189,0.8651,0.77827,-0.065375,-0.45542,-0.68809,-0.84459,-1.0064,-1.1139,-1.1062,-1.2191,-1.2493,-1.2048,-1.2703,-1.1953,-1.1304,-1.079,-1.1554,-1.0156,-1.0999,-0.96351,-0.94331,-0.97537,-0.94699,-1.0227,-1.1157,-1.2482,-1.4597,-1.6225,-1.4874,-0.83737,-0.47146,-0.50543,0.15508,0.72549,1.4596,2.2636,2.8952,3.1156,2.8097,1.5184,0.079612,0.1009,-0.099291,-0.28464,-0.46821,-0.63852,-0.75929,-0.84458,-0.97521,-1.0338,-0.87463,-1.0554,-1.0819,-0.92959,-0.69661,-1.0899,-0.84291,-0.80184,-0.70237,-0.50489,-0.52055,-0.49323,-0.45981,-0.50884,-0.613,-0.69411,-0.75625,-0.7946,-1.0772,-1.3534,-1.0988,-0.45949,-0.10129,-0.38615,0.30027,0.7027,1.2752,2.1551,2.5646,3.0953,2.9594,1.8099,0.92545,0.65763,0.60789,0.43919,0.33911,0.18246,0.16424,0.11419,0.12184,0.13397,-0.03597,-0.083914,-0.18278,-0.33524,-0.33122,-1.2357,-1.2714,-1.2442,-1.202,-1.0643,-0.80308,-0.67702,-0.41218,-0.26697,-0.2596,-0.23966,-0.18006,-0.235,-0.15142,-0.055989,0.051742,0.14476,0.2109,0.25151,0.28357,0.34427,0.24369,0.1817,0.11252,0.26389,0.62057,1.4655,1.6218,1.5738,1.8641,2.3369,2.7451,2.9809,3.2334,2.9853,0.92233,0.86187,0.31844,0.39618,0.23702,0.10057,-0.098531,-0.28129,-0.46925,-0.39893,-0.44788,-0.47119,-0.5471,-0.57288,-0.5442,-0.57002,-0.64576,-0.73174,-0.70584,-0.6442,-0.67097,-0.58911,-0.73346,-0.70487,-0.70371,-0.81415,-0.75441,-0.6397,-0.6526,-0.78355,-0.83998,-1.1546,-1.2453,-0.84643,-0.363,0.44453,0.79901,1.061,1.0624,1.3129,1.3839,1.4153,1.1022,0.91118,0.88194,0.777,0.7241,0.66396,0.50361,0.40874,0.45178,0.28618,0.2018,0.20642,0.15313,0.30547,0.35906,-0.019213,0.36408,0.15433,0.10986,0.13447,0.19456,0.37292,0.3763,-0.10531,0.079988,-0.004862,-0.21715,-0.26446,-0.29272,-0.36923,-0.6044,-0.78403,-1.0127,-0.17514,0.3869,0.57031,0.78115,0.82735,0.88454,1
0.13561,-0.36379,-0.49059,-0.58625,-0.59855,-0.78882,-0.74728,-0.99394,-1.096,-1.1758,-1.3229,-1.4683,-1.6908,-1.7841,-1.8877,-2.029,-2.1829,-2.1526,-2.0331,-1.7141,-1.3427,-0.96846,0.062314,0.97254,1.3736,1.9307,2.2393,2.2381,2.0544,1.8052,1.162,0.73681,0.20143,-0.2599,-0.30432,-0.35062,-0.67712,-0.60271,-0.63684,-0.90777,-1.2964,-1.1882,-1.1711,-1.2598,-1.2202,-1.2955,-1.2885,-1.9593,-1.9799,-2.1345,-1.953,-2.3644,-1.9778,-1.9077,-1.8956,-1.9376,-1.9673,-2.0027,-2.2136,-1.7565,-1.6984,-1.5219,-1.3473,-1.3214,-1.3933,-0.9344,-0.85979,-0.90306,-0.88544,-0.60334,-0.40593,-0.10548,0.11121,0.19845,0.30383,0.4043,0.31417,0.27919,0.29104,0.26313,-0.00941,0.27975,0.2442,0.21838,-0.14285,-0.21814,-0.48185,-0.48245,-0.98094,-1.0599,-0.96019,-0.88743,-0.95323,-0.87815,-0.88132,-0.345,-0.86915,-0.85758,-0.73506,-0.063628,-0.016997,-0.047864,0.10389,-0.17114,0.004348,0.31658,0.47691,0.4922,0.61288,0.54574,0.34495,0.2494,-0.077522,-0.22508,-0.22736,-0.19276,-0.21549,-0.15858,-0.17754,-0.3066,-0.30097,-0.29657,-0.20508,0.012142,0.23835,0.35222,0.25327,0.36072,0.39655,-0.16423,-1.3557,-0.72409,-0.89705,-0.98415,-0.42587,-1.2428,-1.0634,-0.56123,-1.29,-0.76073,-1.3329,-0.94235,-0.90632,-1.0471,-1.0341,-1.1635,-1.2364,0.013002,0.10035,0.20827,-0.51241,-0.10751,0.51142,0.45524,0.67765,0.79974,0.95384,1.0062,1.0354,0.9732,0.92075,0.69871,0.73365,0.72713,0.85852,0.94478,1.0751,1.0754,1.095,1.0095,0.78685,0.84554,0.99496,0.70433,0.5592,0.80069,0.31658,0.29056,0.31417,0.53673,0.14246,0.25643,0.44735,0.25818,0.51246,0.555,0.35675,0.33178,0.33688,0.35161,0.50236,0.016778,0.060931,0.094352,0.60414,0.58871,0.72128,0.63776,0.62784,0.89719,0.72949,0.89095,0.77769,0.90427,0.98292,1.2081,1.2788,1.3839,1.3993,1.5819,1.6702,1.7621,1.7003,1.578,1.4983,1.3489,1.1667,1.0448,0.66151,0.66174,0.52048,0.51279,0.39958,0.44542,0.41737,0.33065,0.074424,-0.041641,-0.010996,-0.014594,0.056738,0.059873,0.082219,0.009513,-0.035117,0.047103,0.11272,0.10564,0.14699,0.13406,0.29977,0.48833,0.67557,0.68997,0.76174,0.94402,1.0354,1.1883,1.2489,1.3165,1.4982,1.6677,1.7994,2.0678,2.0725,2.05,1.6276,1.4622,1.3127,1.199,1.1356,0.66051,0.33702,0.11149,-0.28325,-0.32029,-0.30984,-0.12271,-0.022747,0.11947,0.14964,0.087412,0.072762,0.2341,0.36667,0.43522,0.54178,1
-0.074959,0.084427,0.35917,0.54199,0.76535,1.3266,1.6093,2.0037,2.2472,2.4941,2.805,2.7826,2.7301,2.5346,2.2978,2.1592,1.3725,0.89383,0.24314,0.010228,-0.20389,-0.38193,-0.45815,-0.57968,-0.67686,-0.6796,-0.66038,-0.7087,-0.7325,-0.73165,-0.72823,-0.65573,-0.57438,-0.60559,-0.62722,-0.65701,-0.63118,-0.62481,-0.61342,-0.55527,-0.63291,-0.6166,-0.64842,-0.58014,-0.55035,-0.52418,-0.54122,-0.5286,-0.55594,-0.53219,-0.46557,-0.47059,-0.4276,-0.47478,-0.3703,-0.25923,-0.18563,-0.32774,-0.066081,-0.060577,-0.20297,-0.072453,-0.099028,-0.20416,-0.82851,-1.152,-1.4828,-1.6145,-1.2928,-1.0595,-0.5926,-0.32452,-0.10153,0.49959,0.73653,0.87031,0.88804,0.90971,0.89388,0.7956,0.69325,0.54599,0.43506,0.3086,0.1315,0.020882,-0.040927,-0.04367,-0.020489,-0.12349,-0.31575,-0.17453,0.10297,0.29173,0.54037,1.0238,1.3093,1.5142,2.0828,2.4005,2.7091,3.1141,3.2101,3.007,2.8554,2.6625,1.9172,1.5497,1.2178,0.48923,0.34445,0.23217,-0.023389,-0.091748,-0.24839,-0.27014,-0.35294,-0.48972,-0.52321,-0.47773,-0.32681,-0.33876,-0.41812,-0.44208,-0.47336,-0.44142,-0.4774,-0.48783,-0.54457,-0.54757,-0.53434,-0.55728,-0.52583,-0.4969,-0.44942,-0.43945,-0.40746,-0.42324,-0.4628,-0.39545,-0.34052,-0.33146,-0.28875,-0.2164,-0.26246,-0.24574,-0.19326,-0.023014,-0.53113,-0.087506,0.049251,0.13383,0.46475,0.4209,0.094528,-0.36109,-0.83035,-1.1137,-1.1268,-0.99736,-0.83637,-0.37826,-0.15924,0.083382,0.35772,0.4075,0.62755,0.50212,0.57237,0.61514,0.51305,0.35784,0.50498,0.25299,0.19376,0.3346,0.23022,-0.003956,-0.10974,-0.22415,-0.2793,-0.25197,-0.29993,-0.21029,0.044674,0.24097,0.61573,0.90994,1.3837,1.5658,1.7614,2.1806,2.4137,2.6482,2.8236,2.3836,1.9211,1.6637,1.4182,0.64785,0.3191,-0.031576,-0.4923,-0.55426,-0.49471,-0.74393,-0.79021,-0.91196,-0.98959,-0.86607,-0.87337,-0.84916,-0.83787,-0.76985,-0.78103,-0.8728,-0.76999,-0.76199,-0.75569,-0.75361,-0.73485,-0.88493,-1.0215,-0.9363,-0.86131,-0.88549,-0.87917,-1.0085,-0.99186,-0.89351,-0.68679,-0.74232,-1.1027,-1.0379,-0.71543,-0.44573,-0.42392,-0.28017,-0.25269,-0.2179,-0.1159,-0.23123,-0.34824,-0.55417,-0.5919,-0.67697,-1.2056,-1.376,-1.7542,-1.9568,-1.7947,-1.3221,-1.0758,-0.78781,-0.23353,-0.15178,-0.07123,0.021375,0.027846,0.082928,0.10542,0.054065,0.11323,0.13458,0.10978,-0.25643,-0.32692,-0.41729,-0.60912,-0.67651,-0.76593,-0.75307,-0.64733,-0.7177,-0.74265,-0.51375,-0.19811,0
-0.57522,-0.50353,-0.53515,-0.62286,-0.63942,-0.66567,-0.65658,-0.62021,-0.61541,-0.56577,-0.39023,-0.32773,-0.33983,-0.25119,-0.37559,-0.51471,-0.22446,-0.29614,-0.4611,-0.54539,-0.64847,-0.91372,-0.89923,-0.74236,-0.35676,-0.089562,0.086322,0.41743,0.59949,0.84853,0.877,0.84525,0.97949,1.0506,1.024,0.82073,0.96693,0.88321,0.71205,0.57619,0.45133,0.39469,0.33677,-0.14332,-0.086282,0.035771,0.29472,0.46597,0.72695,0.96969,1.1836,1.685,1.955,2.2883,2.6679,2.77,2.8122,2.9745,2.7907,2.5224,2.2784,1.8618,0.98281,0.64072,0.51086,0.30415,0.25073,0.004257,-0.34728,-0.43952,-0.41229,-0.30514,-0.34982,-0.44648,-0.47064,-0.42134,-0.24184,-0.2302,-0.33866,-0.39183,-0.37591,-0.4036,-0.4203,-0.41711,-0.51682,-0.64031,-0.65297,-0.60607,-0.66242,-0.71231,-0.67006,-0.64581,-0.61971,-0.60537,-0.55212,-0.50417,-0.50244,-0.48951,-0.54529,-0.59882,-0.64553,-0.59853,-0.53717,-0.95097,-0.95829,-0.71692,-0.73612,-0.68773,-0.76137,-0.7206,-0.95896,-1.098,-1.2612,-1.1359,-0.8583,-0.63562,-0.35661,0.046998,0.28214,0.46894,0.77322,0.83893,0.91131,1.0345,1.1687,0.94454,0.93425,0.85113,0.6501,0.56389,0.47246,0.45254,0.48739,0.50139,0.19383,0.039559,-0.11641,0.082964,0.26383,0.59304,0.90082,1.051,1.4925,1.8509,2.0494,2.236,2.4172,2.6586,2.6744,2.588,2.282,2.0949,1.7288,0.965,0.72474,0.3768,0.33201,0.33627,0.008163,-0.2714,-0.44764,-0.32369,-0.17575,-0.19182,-0.23809,-0.26957,-0.39208,-0.33504,-0.29375,-0.49347,-0.44047,-0.424,-0.45492,-0.44858,-0.39631,-0.41063,-0.46238,-0.54281,-0.53474,-0.40383,-0.18647,-0.14808,-0.11614,-0.24028,-0.29248,-0.34821,-0.72515,-0.7366,-0.88467,-0.77649,-0.69239,-1.007,-0.96691,-0.78504,-0.80179,-0.72736,-0.52571,-0.5182,-0.61594,-0.60238,-0.82629,-1.0279,-1.16,-1.2876,-1.3822,-1.1445,-0.85858,-0.586,-0.32222,-0.13634,0.20894,0.28575,0.30104,0.48833,0.51076,0.59136,0.67304,0.58541,0.54683,0.39268,0.25117,0.069003,-0.030771,-0.098504,-0.20837,-0.24863,-0.29688,-0.5006,-0.53914,-0.52255,-0.31102,-0.11424,0.44235,0.6887,0.88774,1.575,1.5676,1.754,2.345,2.2703,2.0598,1.8754,1.6032,1.0165,0.67224,0.29007,-0.60566,-0.41583,-0.43188,-0.80156,-1.0881,-1.4225,-1.4384,-1.404,-1.3137,-1.2909,-1.287,-1.2544,-1.2177,-1.1888,-1.237,-1.2541,-1.1652,-1.22,-1.1893,-1.2526,-1.2979,-1.311,-1.0635,-1.0055,-1.1488,-1.2498,-1.2246,-1.3762,-1.2835,-1.2981,-1.2572,0
0.31586,0.19123,0.000662,-0.052295,-0.045021,-0.099728,-0.022813,0.091922,0.086399,0.11116,0.14169,0.15217,0.14482,0.12455,0.069438,0.07253,0.10858,0.096996,0.12221,0.17165,0.18474,0.17072,0.25039,0.28314,0.23106,0.22446,0.1896,-0.012045,-0.025599,-0.035448,-0.085835,-0.077508,-0.044001,0.028312,-0.033107,-0.20263,-0.34705,-0.3288,-0.37662,-0.43952,-0.49045,-0.50319,-0.47662,-0.41821,-0.39481,-0.44676,-0.44677,-0.4016,-0.50392,-0.51536,-0.58423,-0.61693,-0.65529,-0.72881,-0.78843,-0.70195,-0.64041,-0.66616,-0.81858,-0.87596,-0.83598,-0.79075,-0.76057,-0.76606,-0.65294,-0.60677,-0.37938,-0.13819,0.02498,0.14626,0.16709,0.17679,0.29218,0.71169,0.89496,0.83654,1.0841,1.097,1.2024,1.2084,1.1158,1.0994,1.1076,1.1281,1.3702,1.6526,1.4703,0.94716,1.3591,1.5082,1.5238,1.6046,1.9943,2.4439,2.7372,2.8698,2.9513,2.7512,2.1688,1.3363,1.2018,1.1475,0.75621,0.52372,0.41205,0.32553,0.29851,0.42207,0.52179,0.57133,0.66372,0.69347,0.66063,0.61242,0.56544,0.53909,0.50201,0.44495,0.37758,0.29407,0.26552,0.22043,0.042992,0.007152,-0.1805,-0.31907,-0.26626,-0.18327,-0.28011,-0.29906,-0.43298,-0.54604,-0.69383,-0.82687,-0.82073,-0.88003,-0.90139,-0.8595,-0.96189,-1.0224,-0.99926,-1.0084,-0.99706,-0.93541,-0.96473,-0.95709,-0.75939,-0.64595,-0.7486,-0.4004,-0.41049,-0.11793,0.017926,0.10207,0.28389,0.25745,-0.013417,-0.068394,0.21161,0.49523,1.022,1.2398,1.208,1.538,1.3922,1.3403,1.4058,1.4024,1.5035,1.3106,1.3931,1.4054,1.3082,1.1124,1.3133,1.7617,2.1809,2.4497,2.7107,2.8773,2.6423,2.2456,1.6004,1.1681,0.23682,0.12155,-0.25803,-0.52447,-0.68515,-0.71376,-0.85719,-0.70772,-0.8673,-0.90428,-0.95157,-0.98923,-1.0369,-1.0528,-0.97744,-0.80139,-0.82655,-0.91088,-0.93546,-0.92698,-0.9663,-1.0684,-1.0435,-1.0527,-1.0918,-1.1105,-1.0947,-1.1086,-1.1624,-1.1332,-1.1525,-1.2482,-1.2092,-1.3069,-1.3428,-1.4344,-1.5867,-1.5868,-1.6372,-1.5995,-1.5623,-1.66,-1.6344,-1.4005,-1.4352,-1.4398,-1.4732,-1.4408,-1.4149,-1.2016,-1.0388,-0.91897,-0.95864,-0.96682,-0.89579,-0.8508,-0.92622,-1.3117,-1.5244,-1.0167,-0.91224,-0.55335,0.1588,0.52366,0.85371,0.87728,0.96911,0.71767,0.65259,0.67837,0.68047,0.78434,0.73139,0.67345,0.48478,0.44531,0.42618,0.44206,0.30479,0.25478,0.041491,-0.23754,-0.4286,-0.22397,-0.60767,-0.36661,-0.97816,-1.2298,-0.85533,-0.55156,-0.55957,-0.090149,-0.71144,1
-0.68365,-0.59763,-0.66711,-0.66749,-0.69789,-0.96381,-1.1738,-1.2753,-1.2963,-1.1579,-0.96194,-0.67042,-0.24867,-0.047552,0.30313,0.64511,0.89065,1.189,1.32,1.4848,1.6334,1.6841,1.8637,1.8134,1.7385,1.5913,1.4192,1.3325,1.1794,1.1459,1.0192,0.82957,0.63428,0.61968,0.54236,0.50564,0.53709,0.54943,0.71136,0.79792,0.97647,1.1043,1.2994,1.5075,1.6263,1.8026,1.7994,1.8306,1.8391,1.7723,1.6642,1.4861,1.2161,1.0751,0.95577,0.375,-0.15596,-0.25273,-0.55281,-0.72695,-0.83166,-1.0606,-1.0877,-1.1482,-1.3261,-1.3514,-1.2869,-1.2412,-1.1987,-1.083,-1.141,-1.0969,-1.1444,-1.2176,-1.3115,-1.3606,-1.3058,-1.2701,-1.1665,-1.0945,-1.164,-1.2684,-1.3703,-1.26,-1.3097,-1.3253,-1.2584,-1.2698,-1.2912,-1.3569,-1.3449,-1.3567,-1.3861,-1.3557,-1.3533,-1.3611,-1.3278,-1.3411,-1.3296,-1.3149,-1.1532,-1.1317,-1.0923,-1.0207,-0.92408,-1,-1.0954,-1.2043,-0.93628,-0.61223,-0.39412,-0.25827,-0.011873,0.13394,0.21941,0.40746,0.48352,0.55679,0.52424,0.52043,0.50185,0.45203,0.54421,0.25706,-0.12619,-0.12865,0.059651,0.20003,0.24798,0.23179,0.33492,0.43789,0.65102,0.88172,1.135,1.0919,1.1368,1.21,1.237,1.3698,1.4219,1.4032,1.5207,1.7508,1.3671,1.4222,1.2578,1.0652,0.7261,0.61318,0.57217,0.50395,0.47566,0.42246,0.31366,0.32647,0.30399,0.20952,0.17173,0.13457,-0.08301,-0.15417,-0.28898,-0.26461,-0.37442,-0.44217,-0.42124,-0.45048,-0.68828,-0.68824,-0.77377,-0.99679,-1.0081,-1.09,-1.1558,-1.1974,-1.2172,-1.1889,-1.0729,-1.115,-1.0728,-1.1117,-1.1423,-1.1252,-1.0251,-0.8796,-0.87449,-0.78872,-0.8103,-0.8475,-0.89306,-0.85633,-0.70035,-0.57665,-0.24728,0.040237,0.20192,0.44125,0.47173,0.68564,0.65837,0.87845,0.87645,0.91903,0.92141,0.89931,0.83054,0.70148,0.70376,0.70755,0.72719,0.66499,0.73698,0.79116,0.92339,0.9924,0.99595,1.037,1.2182,1.3146,1.4696,1.5953,1.5962,1.8231,1.8503,1.8775,1.7514,1.7568,1.6975,1.6155,1.4254,1.0506,0.77606,0.65802,0.42786,0.3358,0.24434,0.11622,-0.039118,-0.022254,-0.088046,-0.18171,-0.20023,-0.23169,-0.23368,-0.23736,-0.40095,-0.52713,-0.62654,-0.59683,-0.70815,-0.80773,-0.82391,-0.92669,-0.97796,-1.0018,-0.9769,-0.88847,-0.79972,-0.77165,-0.77314,-0.70672,-0.71484,-0.60564,-0.53869,-0.51888,-0.54256,-0.50456,-0.46535,-0.42157,-0.4384,-0.41599,-0.37218,-0.41538,-0.47871,-0.42403,-0.54136,1
-1.3737,-1.5273,-1.6848,-1.779,-1.6668,-1.5866,-1.5676,-1.5946,-1.5714,-1.4914,-1.3973,-0.95317,-0.69184,-0.50488,-0.35603,-0.25164,-0.20794,-0.24015,-0.35028,-0.24528,-0.29243,-0.34112,-0.39069,-0.39679,-0.59008,-0.57123,-0.39641,-0.2946,-0.36587,-0.57273,-0.69896,-0.68464,-0.62851,-0.60033,-0.52509,-0.45876,-0.39308,-0.29394,-0.14018,0.018826,0.4306,0.65462,0.87081,1.0544,1.2818,1.4785,1.5485,1.5736,1.5466,1.4037,1.2524,1.1019,0.81442,0.44051,0.001292,-0.19043,-0.39641,-0.50529,-0.54326,-0.61522,-0.69467,-0.82871,-0.8376,-0.82604,-0.85734,-0.88719,-0.87731,-0.85926,-0.84055,-0.84018,-0.82138,-0.84369,-0.90311,-0.8708,-0.82756,-0.83438,-0.82892,-0.80581,-0.78159,-0.74554,-0.72869,-0.75976,-0.81834,-0.8394,-0.89864,-0.89899,-0.86462,-0.85697,-0.87134,-0.88071,-0.91579,-0.9266,-0.94968,-0.97923,-0.95514,-0.96975,-0.99084,-0.93454,-0.89384,-0.90534,-0.90416,-0.83625,-0.76858,-0.71446,-0.7181,-0.68901,-0.63401,-0.58913,-0.57562,-0.73388,-0.78336,-0.70953,-0.57264,-0.56224,-0.63559,-0.70958,-0.84392,-0.96521,-1.0265,-0.9956,-0.89289,-1.0641,-0.95137,-0.73642,-0.56376,-0.17554,0.063702,0.14989,0.21153,0.37044,0.62255,0.8223,0.55384,0.53772,0.75507,0.69158,0.64604,0.60295,0.51054,0.32191,0.19117,0.2162,0.24756,0.11767,-0.001138,0.012482,0.005372,0.037485,0.17681,0.24739,0.31051,0.41064,0.52076,0.85146,1.0328,1.2858,1.586,1.8175,2.0085,2.2018,2.4942,2.5116,2.4284,2.3454,2.2035,2.0271,1.8495,1.1298,1.078,0.80837,0.62114,0.41509,0.24538,0.075967,-0.047473,-0.22875,-0.33088,-0.34871,-0.34415,-0.36578,-0.39667,-0.41842,-0.4148,-0.40568,-0.3699,-0.35061,-0.39733,-0.42277,-0.44005,-0.45062,-0.41235,-0.39617,-0.39321,-0.39614,-0.40348,-0.39837,-0.37824,-0.3539,-0.35871,-0.35225,-0.37437,-0.41658,-0.44342,-0.45484,-0.46059,-0.45101,-0.46905,-0.49609,-0.50529,-0.50283,-0.56917,-0.52405,-0.55309,-0.53457,-0.49576,-0.47436,-0.46306,-0.37038,-0.38223,-0.40335,-0.40696,-0.42183,-0.47527,-0.48217,-0.35626,-0.37417,-0.35059,-0.34331,-0.50564,-0.61229,-0.61292,-0.53772,-0.46249,-0.37647,-0.24444,-0.038866,0.22362,0.33275,0.62721,0.85054,0.94286,1.0064,1.0593,1.1295,1.2732,1.2971,1.1038,1.1369,1.1646,1.0914,1.0006,0.9516,0.8565,0.84762,0.71547,0.66667,0.71707,0.75502,0.6743,0.58436,0.75266,0.80447,0.83268,0.91864,1.1151,1.3416,1.5208,2.0833,2.3163,2.4936,2.6379,2.7654,2.9393,3.1143,3.052,2.9537,2.7568,0
-0.26325,-0.46996,-0.63648,-0.73133,-0.97325,-1.0654,-1.0871,-1.0866,-1.0676,-1.0493,-1.0576,-1.0307,-1.0105,-1.0021,-1.0092,-1.008,-1.0178,-1.0644,-1.0683,-1.0352,-1.0212,-1.0073,-0.98711,-1.0074,-1.0489,-1.0592,-1.0182,-1.0207,-1.1329,-1.275,-1.006,-0.91498,-1.13,-1.0617,-1.0689,-1.058,-1.0534,-1.0903,-1.118,-1.12,-1.1339,-1.2131,-1.2482,-1.1942,-1.1602,-1.1757,-1.2025,-1.2642,-1.2217,-1.1853,-1.1995,-1.2648,-1.3236,-1.2968,-1.1194,-1.158,-1.2501,-1.3497,-1.4278,-1.4563,-1.5079,-1.5268,-1.4565,-1.3618,-1.2475,-1.129,-1.0027,-0.81953,-0.4439,-0.2998,-0.15847,-0.032084,0.067696,0.15048,0.20349,0.21563,0.26457,0.26211,0.2365,0.228,0.24979,0.25922,0.18772,0.19086,0.17432,0.13486,0.098951,0.071795,0.068751,0.065536,0.10624,0.12345,0.15903,0.24218,0.34028,0.41513,0.56392,0.81124,1.0715,1.2669,1.5436,1.8541,2.0767,2.3149,2.3677,2.3384,2.2668,2.1296,1.8915,1.7402,1.4851,0.85691,0.73395,0.60224,0.37697,0.19142,0.083808,-0.023899,-0.20648,-0.24189,-0.28195,-0.30164,-0.3057,-0.32451,-0.34138,-0.35899,-0.36831,-0.35883,-0.36372,-0.39281,-0.41482,-0.43486,-0.38886,-0.37684,-0.40479,-0.37035,-0.3881,-0.41829,-0.46365,-0.37069,-0.31598,-0.28607,-0.25644,-0.26004,-0.32711,-0.40657,-0.34935,-0.35063,-0.3702,-0.38416,-0.3951,-0.42976,-0.45673,-0.38859,-0.40909,-0.45323,-0.50811,-0.54936,-0.5645,-0.58826,-0.56205,-0.57135,-0.57722,-0.6029,-0.59078,-0.55651,-0.56526,-0.71032,-0.67055,-0.61901,-0.6579,-0.75339,-0.86431,-1.0163,-1.0759,-0.97509,-0.85938,-0.78411,-0.6523,-0.50087,-0.34727,-0.18921,0.21122,0.38775,0.52915,0.65179,0.74437,0.83127,0.92592,0.99716,0.99963,1.0055,1.0412,1.0881,1.077,1.0609,1.0096,0.91315,0.84084,0.77006,0.73641,0.73547,0.7562,0.69887,0.7574,0.84669,0.88997,0.97576,1.116,1.2828,1.6706,1.8435,2.0804,2.3734,2.5364,2.6748,2.8209,3.0752,3.063,2.9272,2.7522,2.5738,2.2909,2.0608,1.6226,1.4423,1.3084,0.8983,0.67836,0.57461,0.56669,0.50676,0.46912,0.42653,0.36945,0.29381,0.18135,0.20739,0.21684,0.24423,0.25954,0.20786,0.19909,0.21832,0.16757,0.12104,0.38636,0.42812,0.34329,0.32138,0.30207,0.23802,0.23369,0.17778,0.2496,0.26119,0.24481,0.24942,0.2052,0.14964,0.14448,0.15879,0.18764,0.16249,0.11906,0.12687,0.1345,0.067499,-0.006547,-0.07393,-0.077783,-0.10975,-0.222,-0.3252,-0.27008,-0.14048,-0.13721,0
-0.61257,-0.71076,-0.84307,-0.91556,-1.0665,-1.2256,-1.3935,-1.5628,-1.6609,-1.8791,-2.0954,-2.2567,-2.3415,-2.3368,-2.269,-2.146,-1.977,-1.7669,-1.6503,-1.4187,-1.2116,-1.0499,-0.92715,-0.82123,-0.76937,-0.66124,-0.54852,-0.44571,-0.33772,-0.27688,-0.13401,0.013942,0.13991,0.24431,0.29102,0.38528,0.49192,0.61965,0.75705,0.82064,0.93718,1.0472,1.1602,1.3092,1.4015,1.5986,1.7452,1.7766,1.6609,1.5541,1.2531,0.8487,0.53678,0.51183,0.58087,0.71738,0.77597,0.81068,0.81632,0.81223,0.78421,0.72147,0.6253,0.51914,0.42518,0.38195,0.3018,0.22562,0.14827,0.076083,0.045751,-0.007693,-0.051133,-0.08011,-0.095747,-0.095376,-0.078459,-0.059412,-0.064199,-0.090062,-0.1071,-0.14701,-0.20138,-0.27834,-0.37375,-0.42718,-0.54751,-0.65673,-0.80185,-0.98187,-1.0801,-1.2796,-1.464,-1.6054,-1.6536,-1.6279,-1.5124,-1.3465,-1.1282,-0.89159,-0.67352,-0.57647,-0.40365,-0.25385,-0.12652,-0.02712,0.011297,0.073304,0.1372,0.20917,0.27112,0.29223,0.31671,0.34066,0.39157,0.46313,0.50625,0.6119,0.7529,0.92415,1.111,1.2017,1.377,1.5559,1.7598,2.0002,2.1203,2.3122,2.3749,2.2532,1.9536,1.7359,1.207,0.78309,0.69395,0.82712,0.89954,0.98602,1.0342,1.0437,0.98058,0.90629,0.85847,0.75783,0.6501,0.50891,0.35822,0.27182,0.12326,-0.004143,-0.13142,-0.2562,-0.31664,-0.44305,-0.57347,-0.70701,-0.82284,-0.86668,-0.90656,-0.90033,-0.90436,-0.94933,-0.98667,-1.0728,-1.1827,-1.2816,-1.3353,-1.3412,-1.3692,-1.4188,-1.4855,-1.5678,-1.6081,-1.6765,-1.7247,-1.7346,-1.6872,-1.6167,-1.4291,-1.2143,-0.96345,-0.71823,-0.49899,-0.40637,-0.22141,-0.03925,0.14082,0.30479,0.37038,0.47161,0.52288,0.56032,0.58694,0.59891,0.60498,0.61999,0.66538,0.72122,0.75149,0.80443,0.85285,0.92966,1.0565,1.1248,1.2489,1.389,1.5884,1.8142,1.9136,2.0346,1.9898,1.7079,1.2158,0.95891,0.62575,0.66134,0.78247,0.78767,0.79331,0.82118,0.84342,0.85166,0.80721,0.74881,0.72255,0.65039,0.5558,0.45928,0.36054,0.32104,0.2547,0.17313,0.09895,0.043284,0.021828,-0.014085,-0.04994,-0.079608,-0.098726,-0.10364,-0.11979,-0.13832,-0.16103,-0.18478,-0.19658,-0.23536,-0.28464,-0.33797,-0.38999,-0.40382,-0.43063,-0.48419,-0.58483,-0.75676,-0.86921,-1.1154,-1.2799,-1.3137,-1.232,-1.0889,-0.99691,-0.79177,-0.59047,-0.40493,-0.25638,-0.1952,-0.099417,-0.054574,0.024356,0.084049,0.12712,0.22774,0.33003,0.43477,0.53578,0.5859,0.7094,1
0.85082,0.91037,0.89605,0.84791,0.67428,0.42084,0.10901,-0.2415,-0.40114,-0.64294,-0.76753,-0.77525,-0.71461,-0.67777,-0.61815,-0.59356,-0.60312,-0.63422,-0.65355,-0.69072,-0.71063,-0.71854,-0.72706,-0.7311,-0.72385,-0.69957,-0.66613,-0.62648,-0.58613,-0.56927,-0.5462,-0.53065,-0.52745,-0.54515,-0.5592,-0.59466,-0.63024,-0.6691,-0.70514,-0.722,-0.75998,-0.802,-0.83958,-0.8693,-0.88446,-0.91877,-0.96028,-1.0091,-1.0741,-1.1143,-1.2087,-1.3204,-1.4493,-1.5734,-1.6168,-1.6446,-1.5999,-1.4963,-1.3408,-1.2466,-1.0396,-0.82315,-0.60952,-0.40699,-0.23111,-0.15387,-0.01412,0.10795,0.19837,0.24543,0.2589,0.27511,0.29247,0.33475,0.43193,0.50516,0.68291,0.85458,0.97797,1.0498,1.069,1.09,1.1258,1.224,1.3539,1.3939,1.3522,1.1223,0.74206,0.25425,-0.002229,-0.43259,-0.6434,-0.60842,-0.49975,-0.44988,-0.36717,-0.30024,-0.26586,-0.26211,-0.26768,-0.27068,-0.28047,-0.28849,-0.28843,-0.28029,-0.27325,-0.26266,-0.25545,-0.23971,-0.2219,-0.21626,-0.21466,-0.22729,-0.2477,-0.26768,-0.27646,-0.29516,-0.31671,-0.33181,-0.342,-0.34767,-0.35888,-0.35958,-0.35704,-0.36362,-0.36967,-0.38543,-0.41368,-0.45746,-0.51645,-0.55093,-0.63885,-0.76088,-0.90275,-1.0104,-1.0355,-1.0134,-0.90475,-0.72634,-0.53821,-0.32878,-0.23966,-0.08418,0.028548,0.09209,0.13415,0.13702,0.12341,0.10016,0.0885,0.10191,0.11849,0.17755,0.2693,0.38717,0.51905,0.58435,0.7065,0.81674,0.92613,1.061,1.1395,1.3329,1.5457,1.717,1.7951,1.7829,1.6514,1.3921,1.0068,0.52428,0.28606,-0.10457,-0.26743,-0.2222,-0.12546,-0.08153,-0.022816,-0.003498,-0.006362,-0.0279,-0.079596,-0.11294,-0.174,-0.22373,-0.29406,-0.35643,-0.37766,-0.39638,-0.41171,-0.44653,-0.50526,-0.54352,-0.62885,-0.71134,-0.77199,-0.79398,-0.79029,-0.75672,-0.70527,-0.66174,-0.63242,-0.61991,-0.59821,-0.58449,-0.59518,-0.62514,-0.64862,-0.7069,-0.78091,-0.87146,-0.98,-1.042,-1.1766,-1.3004,-1.3907,-1.4147,-1.3586,-1.3002,-1.1577,-0.94118,-0.72911,-0.54096,-0.45916,-0.30639,-0.15981,-0.015942,0.10671,0.14767,0.19561,0.18614,0.19249,0.24663,0.29828,0.45353,0.66535,0.91684,1.2012,1.3533,1.6427,1.841,1.9417,2.2469,2.4997,2.9858,3.435,3.7834,3.9324,3.9015,3.6626,3.2459,2.7066,2.2052,2.2114,2.0977,1.7375,1.1447,0.64178,0.58375,0.69673,0.90697,0.89619,0.78251,0.67763,0.63476,0.45751,0.23058,0.13801,0.10518,0.082558,0.01788,-0.035001,-0.098497,-0.16226,-0.19118,-0.23821,1
-0.94278,-0.83091,-0.86901,-1.0398,-1.2892,-1.4866,-1.397,-1.1377,-1.1411,-1.1968,-1.1757,-1.1473,-1.0636,-1.047,-1.1522,-1.1411,-1.1327,-1.1665,-1.2273,-1.2411,-1.354,-1.4469,-1.5336,-1.3347,-1.4812,-1.6563,-1.6245,-1.5944,-1.7674,-2.0675,-2.1234,-2.1847,-1.9084,-1.7166,-1.3858,-0.8827,-0.65739,-0.38483,-0.1047,0.006163,0.052013,0.055251,0.050622,0.068052,0.070795,-0.04824,-0.36401,-0.29549,-0.19811,-0.37121,-0.33637,-0.091385,0.056184,0.059251,0.32201,0.67109,0.86162,1.3973,1.6234,2.0022,2.1905,2.1952,1.9893,1.7691,1.5992,1.2329,0.71414,0.55061,0.17971,-0.28865,-0.38809,-0.42946,-0.48424,-0.47272,-0.48952,-0.48093,-0.425,-0.40256,-0.38892,-0.37673,-0.49773,-0.47952,-0.50777,-0.47466,-0.48497,-0.53882,-0.61372,-0.58834,-0.60577,-0.55672,-0.51388,-0.45508,-0.45853,-0.34717,-0.36429,-0.39814,-0.44973,-0.34008,-0.32589,-0.31894,-0.43407,-0.44658,-0.44449,-0.46443,-0.44809,-0.40207,-0.46005,-0.6984,-0.93168,-1.0173,-1.1938,-1.4361,-1.4314,-1.1416,-1.0186,-0.86486,-0.38083,0.2857,0.48133,0.75603,0.97082,1.0081,1.1014,1.1543,1.0883,0.95987,0.87962,0.66483,0.75054,0.80851,0.66273,0.73348,0.80952,0.84061,1.035,1.0497,1.1887,1.3209,1.4724,1.8305,2.0134,2.3354,2.7435,2.8218,2.8672,2.8036,2.6629,2.429,2.1747,1.9715,1.3043,0.81289,0.65938,0.36205,-0.096128,-0.20274,-0.59286,-0.59155,-0.69821,-0.55356,-0.4728,-0.52658,-0.46201,-0.56661,-0.51706,-0.39997,-0.45234,-0.42007,-0.20364,-0.038335,-0.15773,-0.088318,-0.1748,-0.31919,-0.21585,-0.030296,-0.053859,0.016335,0.18202,0.16594,0.20823,0.16451,0.14891,0.093329,0.20958,0.33062,0.26086,0.35268,0.30084,0.2885,0.11834,0.15796,0.1527,0.289,0.23139,-0.06887,-0.26688,-0.20391,-0.053593,0.07028,0.012049,0.22966,0.56339,0.67738,0.82849,0.96023,1.0981,1.1665,1.1648,1.1972,1.1301,1.0253,0.90966,0.76102,0.63844,0.51362,0.53194,0.50815,0.31022,0.24322,0.24688,0.3597,0.50442,0.6012,0.80664,0.96602,1.3236,1.8234,1.9532,2.1267,2.2305,2.1047,1.8542,1.4515,1.1049,0.51973,0.065709,-0.1034,-0.3831,-0.53063,-0.77642,-1.0443,-1.0176,-0.92872,-0.973,-0.99122,-0.99786,-0.98386,-0.96436,-0.87227,-0.89567,-0.97009,-0.84622,-0.73128,-0.65192,-0.60952,-0.58805,-0.48701,-0.42016,-0.40129,-0.37454,-0.3466,-0.32545,-0.28856,-0.15348,-0.12308,-0.14613,-0.20318,-0.20768,-0.23267,-0.17945,0.05087,-0.14676,-0.13941,-0.10495,-0.20272,-0.16524,0
-0.61937,-0.65054,-0.72225,-0.59765,-0.63768,-0.72038,-0.73651,-0.61606,-0.58645,-0.45046,-0.3605,-0.13815,0.035895,0.22813,0.60535,1.0579,1.2591,1.5988,2.0374,2.1098,2.0958,1.7374,1.4712,1.0131,0.36389,0.16993,-0.13375,-0.29845,-0.66671,-0.74089,-0.77606,-0.8733,-0.82889,-0.83144,-0.82469,-0.79161,-0.79094,-0.81703,-0.80672,-0.80011,-0.81937,-0.80019,-0.74103,-0.77407,-0.78342,-0.69593,-0.67809,-0.68752,-0.68427,-0.66331,-0.65006,-0.59148,-0.57354,-0.54167,-0.55236,-0.49495,-0.5057,-0.50824,-0.50281,-0.45404,-0.42798,-0.4167,-0.42495,-0.4061,-0.39038,-0.32355,-0.2757,-0.23058,-0.3061,-0.42871,-0.60845,-0.88768,-1.1083,-1.1229,-0.84582,-0.53913,0.003598,0.53879,0.64985,0.89278,1.0989,1.1499,1.0443,1.0825,1.012,1.0419,0.64952,0.46764,0.41184,0.34276,0.33013,0.38055,0.31966,0.57761,0.8581,0.95118,1.2567,1.8086,2.0561,2.6743,3.042,3.1998,3.3298,3.1164,2.9543,2.5494,2.2039,1.3608,0.59107,0.17026,-0.4352,-0.69326,-0.66842,-0.79186,-0.78577,-0.83289,-0.78762,-0.82279,-0.76331,-0.78325,-0.79054,-0.84859,-0.80266,-0.78396,-0.80742,-0.67762,-0.63941,-0.68795,-0.71418,-0.75083,-0.54221,-0.60654,-0.74933,-0.93848,-0.61781,-0.63955,-0.85138,-0.72902,-0.61652,-0.61326,-0.63595,-0.68082,-0.88608,-0.86672,-0.81763,-1.0071,-0.98185,-0.87333,-0.83798,-0.94393,-0.73804,-0.86518,-0.92304,-1.2891,-1.3467,-1.4022,-1.5766,-1.656,-1.6119,-1.0437,-0.64057,0.29986,0.7931,1.0884,1.2674,1.2742,1.6238,1.2898,1.0893,1.0023,0.95031,0.64792,0.43483,0.39726,0.2539,0.1623,0.1381,0.34749,0.50828,0.59167,0.71312,1.0079,1.3594,1.4478,1.8253,2.0768,2.0183,2.1842,2.1331,1.7432,1.2606,1.0126,0.70164,0.48133,0.29001,-0.12936,-0.50403,-0.63811,-0.68597,-0.76732,-0.75775,-0.82105,-0.80614,-0.81588,-0.79559,-0.78699,-0.76982,-0.75826,-0.76309,-0.76189,-0.65892,-0.64333,-0.76581,-0.70919,-0.71459,-0.65945,-0.68113,-0.64516,-0.66517,-0.71478,-0.71546,-0.82069,-0.75439,-0.62613,-0.6276,-0.65566,-0.65989,-0.59422,-0.61078,-0.62243,-0.69509,-0.57166,-0.82332,-0.69523,-0.5601,-0.70171,-0.80794,-1.0445,-1.1326,-1.0357,-0.70779,-0.41561,-0.17392,0.4724,0.77814,0.95603,1.2343,1.3318,1.2878,1.2822,1.1847,1.0679,0.93422,0.76146,0.58676,0.4379,0.36992,0.37972,0.070143,-0.053191,0.063773,0.10549,0.15858,0.23762,0.3631,0.56611,0.71797,0.93389,1.0016,1.0849,1.1334,0.96872,0.93662,0.70104,0.14602,-0.55086,-0.83754,0
-2.4433,-2.1462,-1.9646,-1.8717,-1.7671,-1.6452,-1.4982,-1.5062,-1.2245,-1.1215,-0.99279,-0.85027,-0.51181,-0.26497,0.11189,-0.076751,-0.10078,-0.002728,0.14749,0.37795,0.37546,0.32287,0.21749,0.019715,-0.13863,-0.29202,-0.55519,-1.0025,-1.234,-1.2923,-1.2854,-1.197,-1.2234,-1.2285,-0.9723,-1.0008,-1.0768,-1.0754,-1.0121,-1.0688,-1.0188,-0.91096,-0.92131,-0.95931,-1.0074,-1.0274,-0.92604,-0.90569,-0.92544,-0.85332,-0.9131,-1.0061,-0.9681,-1.0056,-0.9446,-0.78072,-0.57975,-0.20992,0.017756,0.22527,0.27902,0.34357,0.36839,0.47237,0.33266,0.47949,0.39422,0.39496,0.39062,0.41219,0.41246,0.38795,0.25912,0.20386,0.01937,-0.24224,-0.7749,-0.95907,-0.9691,-0.87679,-0.91805,-0.86367,-0.87859,-0.90773,-0.92125,-0.95039,-0.95735,-0.92009,-0.92337,-0.9094,-0.83953,-0.87756,-0.85107,-0.78909,-0.77294,-0.75008,-0.69109,-0.69254,-0.71858,-0.69246,-0.67351,-0.64578,-0.62728,-0.65838,-0.52613,-0.20693,0.13455,0.55518,1.0883,1.1445,1.2327,1.2086,1.2619,1.2545,1.2906,1.3169,1.3141,1.3049,1.3228,1.3039,1.263,1.186,0.93078,0.74957,0.31766,-0.22956,-0.67717,-0.87004,-0.81203,-0.78297,-0.81471,-0.73171,-0.65726,-0.64602,-0.67169,-0.63358,-0.57969,-0.56546,-0.59158,-0.59674,-0.54873,-0.53836,-0.52115,-0.4994,-0.48932,-0.4438,-0.41553,-0.36067,-0.27328,-0.1874,-0.086093,0.25163,0.61899,0.98548,1.2835,1.4788,1.5379,1.5531,1.5804,1.5287,1.4651,1.3764,1.2738,1.1856,1.1331,1.0363,0.9718,0.96116,0.91813,0.72858,0.1838,-0.16411,-0.27291,-0.38348,-0.20947,-0.18936,-0.069129,-0.003019,0.028527,-0.007439,-0.12947,-0.12322,-0.073231,-0.044781,-0.067541,-0.14548,-0.20857,-0.2411,-0.022656,-0.009741,0.012278,0.046762,0.073386,0.15503,0.24668,0.37803,0.63643,0.99956,1.3979,1.7849,2.0504,2.2089,2.3529,2.4228,2.4536,2.524,2.5439,2.5795,2.6128,2.6335,2.5287,2.4445,2.2784,2.1515,2.0064,1.8224,1.6627,1.3749,0.99183,0.51975,-0.26322,-0.52827,-0.68251,-0.65512,-0.63487,-0.55569,-0.4904,-0.45076,-0.49389,-0.48278,-0.45245,-0.42051,-0.37268,-0.28061,-0.26854,-0.2591,-0.24978,-0.24168,-0.21384,-0.23565,-0.27283,-0.2556,-0.24502,-0.2172,-0.12915,0.06362,0.35542,0.63498,0.99599,1.3343,1.4737,1.5057,1.5094,1.4268,1.2797,1.0676,0.86096,0.62878,0.35709,0.19102,-0.090116,-0.24007,-0.27032,-0.32767,-0.34058,-0.38613,-0.43977,-0.47436,-0.5505,-0.61945,-0.68153,-0.74746,-0.79703,-0.8069,-0.87364,-0.85639,-0.87184,1
-3.5831,-1.5868,-0.58124,-0.041958,0.19992,0.1348,0.09947,-0.14993,-0.2645,-0.2181,-0.24999,-0.23952,-0.2498,-0.20662,-0.081857,0.45464,0.87195,0.90716,0.95645,1.0053,0.95983,0.90753,0.91753,0.96053,1.0037,0.86815,0.51752,0.27045,-0.090543,-0.22034,0.045545,0.30946,0.88543,1.1288,1.2868,1.4597,1.4312,1.3752,1.3956,1.4606,1.4228,1.3173,1,0.87533,0.92505,0.93012,0.87419,0.80897,0.72853,0.61245,0.49478,0.044286,-0.643,-1.0614,-1.1854,-1.1858,-1.2261,-1.2772,-1.2883,-1.3484,-1.3248,-1.3694,-1.4226,-1.5097,-1.5212,-1.4517,-1.4281,-1.4031,-1.3433,-1.3261,-1.2829,-1.1891,-1.1262,-1.1059,-1.0536,-0.99359,-0.8661,-0.8297,-0.56397,-0.17688,0.38319,0.83672,1.4889,1.8154,1.995,2.0794,2.135,2.139,2.1574,2.1828,2.1694,1.9759,1.9481,1.8079,1.6852,1.5123,1.4403,1.3318,1.2345,1.0251,0.71586,0.04002,-0.83126,-0.9153,-0.87503,-0.85195,-0.87702,-0.94454,-0.87147,-0.83752,-0.8091,-1.0266,-1.0023,-0.99479,-0.98942,-0.9284,-0.9203,-0.88371,-0.8122,-0.787,-0.83,-0.68351,-0.87908,-0.89424,-0.92269,-1.0489,-0.86297,-0.57017,0.073628,0.2595,0.51114,0.75658,0.42523,0.12197,-0.10629,0.1495,0.26524,0.35943,0.51703,0.63397,0.8335,0.97275,0.96725,1.0091,0.93579,0.79875,0.26343,-0.10457,-0.38255,-0.51234,-0.56243,-0.61117,-0.65656,-0.71233,-0.74588,-0.74324,-0.72267,-0.71178,-0.76896,-0.71199,-0.7138,-0.69576,-0.63569,-0.61019,-0.59254,-0.55856,-0.5271,-0.48828,-0.45602,-0.45851,-0.30879,-0.16485,0.049381,0.17905,0.49414,0.99844,1.3536,1.5162,1.6784,1.6533,1.5932,1.5316,1.5037,1.4644,1.523,1.3905,1.2551,1.3008,1.2574,1.1557,1.2141,1.2006,0.90952,0.23672,-0.44197,-0.46627,-0.50019,-0.54834,-0.6039,-0.57501,-0.5636,-0.62302,-0.6735,-0.7103,-0.7987,-0.79431,-0.74535,-0.79474,-0.69244,-0.67191,-0.64337,-0.57026,-0.52302,-0.47029,-0.4602,-0.51345,-0.60561,-0.5117,-0.35124,-0.20082,0.008622,0.13983,0.55626,0.65475,0.87444,1.1434,1.351,1.3694,1.3046,0.92775,0.90731,0.95528,0.99184,1.0045,1.0072,0.79522,0.86833,0.90875,0.96075,1.0392,1.0827,0.72755,0.12427,-0.43279,-0.53536,-0.5558,-0.80131,-0.80103,-0.77031,-0.77292,-0.82104,-0.85416,-0.86929,-0.91293,-0.99918,-1.0411,-1.0752,-1.1605,-1.0831,-1.2477,-1.1389,-1.0987,-1.1338,-1.1137,-1.1159,-0.99267,-0.82788,-0.80444,-0.72402,-0.72074,-0.68811,-0.67056,-0.60138,-0.51639,-0.52683,-0.56602,-0.55463,1
1.4517,1.4532,1.5363,1.6081,1.6323,1.639,1.636,1.6044,1.5475,1.5311,1.4304,1.386,1.2946,1.1404,1.0491,0.90637,0.76704,0.49344,0.36489,0.30972,0.26863,0.14666,0.018794,-0.099737,-0.20096,-0.37083,-0.42391,-0.38139,-0.34134,-0.33991,-0.34083,-0.37564,-0.45682,-0.47285,-0.47461,-0.50574,-0.5453,-0.64738,-0.59991,-0.595,-0.66038,-0.66687,-0.60605,-0.52532,-0.53556,-0.54759,-0.53156,-0.44717,-0.48259,-0.46137,-0.33026,-0.4362,-0.57992,-0.64236,-0.53777,-0.52221,-0.50765,-0.50207,-0.48841,-0.50897,-0.53184,-0.45384,-0.49029,-0.58013,-0.68055,-0.72501,-0.72571,-0.74373,-0.77723,-0.79745,-0.79507,-0.75806,-0.72555,-0.75602,-0.82041,-0.87262,-0.86789,-0.91497,-0.92795,-0.98107,-1.1204,-1.1327,-1.1514,-1.1983,-1.2025,-1.249,-1.3107,-1.4424,-1.5349,-1.625,-1.4063,-1.2196,-1.0012,-0.79181,-0.54748,-0.056546,0.14876,0.35566,0.68919,0.794,0.90485,0.99415,1.0304,1.0349,1.0153,0.95401,0.92705,0.9124,0.83734,0.67543,0.60504,0.56486,0.49281,0.38668,0.29124,0.27291,0.34503,0.54135,0.4829,0.5019,0.67424,0.88739,1.0306,1.2487,1.8001,1.9924,2.0541,2.1082,2.3438,2.416,2.3523,2.2017,1.7997,1.5335,1.3168,0.71765,0.55601,0.38759,0.26807,-0.009802,-0.19668,-0.3537,-0.37376,-0.42264,-0.45823,-0.45712,-0.34844,-0.37977,-0.43172,-0.4607,-0.47632,-0.46202,-0.44676,-0.41504,-0.40699,-0.41673,-0.42391,-0.44317,-0.40098,-0.31254,-0.33258,-0.35649,-0.32726,-0.31778,-0.35826,-0.49129,-0.51568,-0.54742,-0.60318,-0.6291,-0.65405,-0.67782,-0.64861,-0.66534,-0.664,-0.62843,-0.72352,-0.77164,-0.83385,-0.91343,-1.014,-1.0641,-1.1452,-1.236,-1.322,-1.4069,-1.3667,-1.2146,-1.2486,-1.2569,-1.2524,-1.5412,-1.6086,-1.5905,-1.4311,-1.2815,-1.0422,-0.75513,-0.2585,0.045661,0.4416,0.84797,1.1919,1.2331,1.4456,1.5874,1.6654,1.7217,1.7439,1.746,1.5964,1.504,1.3898,1.1269,1.1269,1.0452,0.94365,0.75956,0.67143,0.61824,0.66126,0.69904,0.70499,0.73543,0.77249,0.9298,1.1144,1.2651,1.5962,1.7876,1.9867,2.2275,2.2715,2.2114,2.1083,1.7697,1.4644,1.078,0.75175,0.40142,0.13374,-0.12311,-0.53932,-0.68334,-0.73176,-0.73882,-0.78053,-0.77106,-0.78248,-0.80048,-0.79073,-0.77015,-0.75806,-0.70768,-0.72395,-0.7116,-0.6744,-0.66225,-0.6196,-0.62563,-0.63563,-0.60605,-0.62373,-0.59264,-0.56856,-0.67674,-0.62789,-0.64745,-0.7319,-0.73226,-0.73049,-0.81481,-0.98667,-1.0566,-1.103,-1.0982,-1.1572,0
-0.49084,-0.76179,-0.90559,-0.92039,-0.85816,-0.96653,-1.2155,-1.2353,-1.2448,-1.2538,-1.2586,-1.2577,-1.2217,-1.2042,-1.2501,-1.2813,-1.2931,-1.145,-1.1185,-1.0856,-1.135,-1.3016,-1.2858,-1.2773,-1.2956,-1.4047,-1.4331,-1.6238,-1.5245,-1.4144,-1.3228,-1.2634,-1.0779,-0.93274,-0.72976,-0.58072,-0.45113,-0.017342,0.235,0.32664,0.7556,0.75788,0.96952,0.8397,0.70852,0.7884,0.55179,0.3441,0.32792,0.25758,0.37717,0.34383,0.28458,0.15474,0.080571,0.30198,0.37735,0.32258,0.25012,0.25828,0.27712,0.42294,0.50737,0.63101,0.7611,0.9856,1.1735,1.3453,1.554,1.9456,2.0391,2.2072,2.3184,2.3948,2.2779,2.1317,1.7667,1.5246,1.2853,1.0608,0.6902,0.51821,0.3904,0.24503,-0.091816,-0.22279,-0.29217,-0.4674,-0.54901,-0.57833,-0.63037,-0.64703,-0.63215,-0.6418,-0.65433,-0.56355,-0.56853,-0.58685,-0.60425,-0.61511,-0.59449,-0.58254,-0.51721,-0.49951,-0.47396,-0.51069,-0.43679,-0.48455,-0.49037,-0.40423,-0.41369,-0.38876,-0.32329,-0.31567,-0.34473,-0.38081,-0.38897,-0.35329,-0.41831,-0.43943,-0.40549,-0.50269,-0.51374,-0.52537,-0.42915,-0.39052,-0.33566,-0.26967,-0.23213,-0.25124,-0.30974,-0.33454,-0.40177,-0.43956,-0.51412,-0.58475,-0.66517,-0.82445,-1.0086,-1.1241,-1.2161,-1.2566,-1.2473,-1.0599,-0.89179,-0.80011,-0.50639,-0.32852,-0.15345,0.005469,0.58071,0.70007,0.87672,1.0127,1.1164,1.1839,1.2155,0.93343,0.91504,0.92854,0.90487,0.78333,0.73717,0.68447,0.58049,0.50798,0.42874,0.38533,0.43365,0.55975,0.59905,0.66095,0.95763,1.1258,1.2815,1.4936,2.0306,2.2932,2.5838,2.8958,3.2074,3.2226,3.1244,2.6426,2.4033,2.0783,1.7853,1.3105,1.0681,0.83289,0.61826,-0.14447,-0.25816,-0.31531,-0.51354,-0.62902,-0.63661,-0.6152,-0.62755,-0.63085,-0.59188,-0.4798,-0.45216,-0.52331,-0.48509,-0.48545,-0.50112,-0.501,-0.46177,-0.3823,-0.40184,-0.41216,-0.40693,-0.43481,-0.45067,-0.46665,-0.44125,-0.382,-0.38254,-0.40513,-0.46922,-0.49081,-0.49931,-0.45913,-0.5043,-0.55834,-0.56066,-0.59044,-0.59591,-0.52983,-0.49219,-0.57955,-0.60073,-0.60749,-0.64256,-0.75377,-0.7945,-0.89269,-0.96689,-1.1177,-1.2107,-1.3736,-1.738,-1.5526,-1.415,-1.2989,-0.95204,-0.74583,-0.52954,-0.2937,0.16797,0.35934,0.54147,0.80165,0.86235,0.98743,1.0871,1.1279,1.1165,1.0604,1.0403,0.94497,0.87362,0.78727,0.67949,0.49177,0.46324,0.43885,0.33748,0.3334,0.33038,0.37568,0.57352,0.74102,0.93697,1.126,1.5602,0
-0.56654,-0.53516,-0.43265,-0.43178,-0.48415,-0.64948,-0.71461,-0.64377,-0.67761,-0.7533,-0.77511,-0.92865,-0.92721,-0.95987,-1.0353,-1.0506,-1.1523,-1.0785,-1.0883,-1.1308,-1.2431,-1.2956,-1.2899,-1.1608,-1.1174,-1.1836,-1.1646,-1.1131,-1.0628,-1.0807,-1.0308,-1.0087,-1.0014,-0.99149,-0.9052,-0.74299,-0.67816,-0.55082,-0.51976,-0.5168,-0.42258,-0.42006,-0.33624,-0.20467,-0.1098,0.027942,0.14992,0.24049,0.38965,0.50452,0.54692,0.60783,0.49534,0.5951,0.7309,0.87893,1.0325,0.94092,0.91194,0.96098,1.1192,1.2534,1.4005,1.365,1.3303,1.4662,1.8381,2.0372,2.1696,2.1544,2.0154,1.5032,0.98155,0.90384,0.86302,0.8072,0.60871,0.45743,0.36206,0.18352,0.13115,0.08201,0.037741,0.025473,-0.06724,-0.08668,-0.074821,-0.13383,-0.19062,-0.1401,-0.1179,-0.14853,-0.16479,-0.12614,-0.12481,-0.12645,-0.11166,-0.10002,-0.11948,-0.088239,-0.16331,-0.18478,-0.20926,-0.27173,-0.29549,-0.35367,-0.36264,-0.41686,-0.51117,-0.48603,-0.48158,-0.54475,-0.62883,-0.74377,-0.7617,-0.87384,-0.89161,-0.85137,-0.84872,-1.0085,-1.0281,-0.99916,-0.95764,-0.92894,-0.92798,-0.85727,-0.86403,-0.90687,-0.92911,-0.88493,-0.90168,-0.87711,-0.88665,-0.86311,-0.83559,-0.87853,-0.86199,-0.86344,-0.92101,-0.93798,-0.98033,-0.96131,-0.9428,-1.0121,-1.0361,-1.0094,-1.0084,-1.0556,-1.098,-1.0764,-0.9773,-0.94401,-1.0035,-0.96766,-0.92807,-0.87794,-0.90691,-0.86693,-0.72497,-0.70054,-0.6908,-0.58763,-0.55859,-0.46281,-0.38493,-0.32568,-0.40724,-0.35352,-0.28673,-0.21293,-0.12553,0.017552,0.07059,0.092725,0.12132,0.11836,0.131,0.1902,0.63692,0.8926,1.2602,1.6241,1.8004,1.6438,1.7281,1.6289,1.64,1.6729,1.8056,2.0241,2.2909,2.4677,2.8143,2.9876,3.0681,2.8854,2.5661,2.1003,1.8583,1.3795,1.1091,0.89952,0.66218,0.71208,0.65955,0.6518,0.52131,0.41097,0.42321,0.35719,0.3104,0.16603,-0.003596,-0.054228,-0.042081,-0.015392,0.083072,0.086536,0.048132,0.029742,0.095119,0.11216,-0.028203,-0.36409,-0.50018,-0.61848,-0.58541,-0.6987,-0.67378,-0.69336,-0.75949,-0.83389,-0.88585,-0.85747,-0.84787,-0.83029,-0.80142,-0.7356,-0.75493,-0.71765,-0.68384,-0.76975,-0.68789,-0.64931,-0.61729,-0.54979,-0.56651,-0.51272,-0.47037,-0.40033,-0.17521,-0.13616,-0.16589,-0.14205,-0.072375,0.001811,0.056912,0.13778,0.18491,0.28471,0.37079,0.52878,0.61003,0.9005,1.0215,1.1655,1.2614,1.3287,1.5446,1.8784,2.0439,2.1781,2.2185,2.0757,1.9602,1.8844,1.8619,1
0.021237,0.098162,0.11291,0.14897,0.13611,0.12862,0.070836,0.11007,0.14667,0.22302,0.19841,0.16657,0.39923,0.60645,0.91935,1.1259,1.492,1.7954,1.9738,2.1504,2.1755,2.2334,2.312,2.1711,1.8504,1.1766,0.63633,0.4072,0.33888,0.27409,0.15137,0.066197,0.092595,-0.003952,-0.040026,-0.098566,-0.14888,-0.16691,-0.29039,-0.33636,-0.3595,-0.47576,-0.50853,-0.64773,-0.68813,-0.6859,-0.75857,-0.80559,-0.92575,-0.89232,-0.9474,-0.9679,-0.98488,-0.9855,-0.9864,-1.005,-1.0047,-0.96457,-1.023,-1.0294,-1.0591,-1.138,-1.0848,-1.0594,-1.1032,-1.0914,-1.0653,-1.0808,-1.1426,-1.1796,-1.1406,-1.1211,-1.0303,-0.93796,-0.93147,-0.93639,-0.92604,-0.73656,-0.70071,-0.72586,-0.76899,-0.75469,-0.6706,-0.65987,-0.61157,-0.55273,-0.51346,-0.41118,-0.36565,-0.35517,-0.32435,-0.25362,-0.15714,-0.066732,0.019566,0.0467,-0.019906,-0.046864,0.043024,0.031965,-0.07867,-0.061846,0.062766,0.014383,0.099794,0.12485,0.12101,0.162,0.16411,0.20811,0.26375,0.24455,0.26509,0.34893,0.40464,0.47804,0.54472,0.65003,0.67486,0.63777,0.59714,0.59576,0.58926,0.55947,0.57752,0.55195,0.57877,0.68494,0.58411,0.63441,0.59662,0.55615,0.37449,0.40921,0.42697,0.61489,0.70535,1.0435,1.2899,1.5746,1.6453,1.6607,1.6863,1.5521,1.6095,1.7953,2.1852,2.3192,2.4924,2.5918,2.5938,2.2313,2.1053,1.2612,0.77776,0.091891,0.018562,-0.005763,-0.20123,-0.27357,-0.33008,-0.3641,-0.30552,-0.39147,-0.4578,-0.41223,-0.44678,-0.46842,-0.50259,-0.51032,-0.57274,-0.53488,-0.56334,-0.78401,-0.8161,-1.0482,-1.0326,-1.0227,-0.79944,-0.87546,-0.87489,-1.0181,-1.1346,-1.1501,-1.343,-0.99944,-0.97568,-1.0405,-1.0769,-1.231,-1.2367,-1.3577,-1.4415,-1.4978,-1.6021,-1.4392,-1.4098,-1.398,-1.3801,-1.5391,-1.5394,-1.5246,-1.4689,-1.4083,-1.3544,-1.1234,-1.0078,-1.0099,-1.0615,-1.0031,-0.98419,-0.71429,-0.70974,-0.62956,-0.38452,-0.31851,0.048604,0.12469,0.4727,0.5197,0.54914,0.39235,0.13954,0.18446,0.35491,0.52079,0.70679,0.64132,0.72602,0.66267,0.65582,0.81856,1.0005,1.4113,1.6012,1.9119,2.0996,2.1328,2.3818,2.5027,2.5724,2.4663,2.2867,1.6115,1.2741,0.7169,0.55365,0.43769,0.40588,0.33008,0.17409,0.10674,0.056133,-0.039838,-0.11424,-0.21065,-0.21849,-0.2517,-0.35454,-0.38876,-0.44215,-0.43392,-0.43526,-0.44729,-0.53749,-0.55323,-0.56244,-0.61969,-0.65258,-0.68344,-0.66472,-0.60848,-0.51238,-0.45303,-0.43672,-0.45326,-0.45687,1
-0.5337,-0.46764,-0.50331,-0.47948,-0.5113,-0.48547,-0.48901,-0.47377,-0.41195,-0.51891,-0.44489,-0.44172,-0.40511,-0.21629,-0.15355,-0.28197,-0.26004,-0.17355,-0.17492,-0.11979,-0.20261,-0.32212,-0.33486,-0.53195,-0.58271,-0.5632,-0.56133,-0.67354,-0.55055,-0.48325,-0.54506,-0.60851,-0.53813,-0.53273,-0.5957,-0.68707,-0.71443,-0.61905,-0.56373,-0.57474,-0.63817,-0.73884,-0.45856,-0.68063,-0.68768,-0.77035,-0.8683,-0.95003,-1.0435,-1.053,-0.88857,-1.136,-1.1823,-1.0939,-1.0522,-1.0166,-1.0109,-1.0384,-1.0293,-1.072,-0.98572,-1.0731,-1.0345,-0.87075,-0.84427,-0.86467,-0.92493,-0.88531,-0.93293,-1.0875,-1.1786,-1.286,-1.3585,-1.2994,-1.1006,-1.0141,-0.93269,-0.79958,-0.58189,-0.45679,-0.18498,-0.046069,0.003063,0.045535,0.22139,0.42945,0.4172,0.41415,0.42128,0.40582,0.2692,0.1448,0.040602,0.30348,0.48021,0.6692,0.81656,0.84097,1.1411,1.3285,1.624,1.9582,2.1883,2.5659,2.901,3.1046,3.2048,3.1487,2.8417,2.3211,1.9456,1.3313,0.9065,0.42596,0.22959,-0.009974,-0.25884,-0.36414,-0.39237,-0.50911,-0.58806,-0.63926,-0.62936,-0.57437,-0.58323,-0.59765,-0.65524,-0.65157,-0.62839,-0.58065,-0.55544,-0.58296,-0.51074,-0.52862,-0.41881,-0.49076,-0.42891,-0.44917,-0.53087,-0.59619,-0.61793,-0.65794,-0.50662,-0.5293,-0.55349,-0.59959,-0.51293,-0.52782,-0.39343,-0.40899,-0.46526,-0.36188,-0.3661,-0.45853,-0.5646,-0.36495,-0.40818,-0.48581,-0.55561,-0.65281,-0.79123,-0.89316,-0.68655,-0.63024,-0.57954,-0.39664,-0.27151,-0.050404,0.022194,0.21652,0.4242,0.51681,0.5382,0.52988,0.47849,0.42392,0.43422,0.32079,0.34227,0.3893,0.20113,0.41716,0.5279,0.72606,0.95906,1.2626,1.6335,1.8688,2.3953,2.8601,3.2614,3.3882,3.5425,3.5906,3.4803,3.3622,3.041,2.691,2.1036,1.766,1.3916,0.94464,0.71551,0.42373,0.22365,0.1045,0.064634,-0.01943,-0.13419,-0.20405,-0.22997,-0.3221,-0.4154,-0.40089,-0.41515,-0.47938,-0.42205,-0.44042,-0.47537,-0.45351,-0.434,-0.47674,-0.48995,-0.34891,-0.33638,-0.29104,-0.3125,-0.51085,-0.37853,-0.23179,-0.26065,-0.31655,-0.32932,-0.31337,-0.31376,-0.29337,-0.22865,-0.24881,-0.25011,-0.21417,-0.20852,-0.14215,-0.079306,-0.051441,-0.062939,-0.052823,-0.008184,-0.015786,0.002497,0.03454,0.086184,0.19711,0.26188,0.21222,0.13792,0.13064,0.11521,0.034791,0.016162,-0.058918,-0.070981,-0.25535,-0.25495,-0.29962,-0.32407,-0.16563,-0.046352,0.19214,0.16949,0.28629,0.40202,0.61982,0.66336,0.73797,0.59321,0.48562,0.56509,0
-0.64763,-0.60888,-0.55238,-0.53604,-0.48823,-0.42737,-0.39209,-0.1832,-0.50199,-0.47985,-0.42805,-0.40883,-0.34772,-0.32567,-0.31867,-0.29892,-0.38793,-0.35799,-0.35886,-0.33232,-0.31677,-0.3163,-0.32361,-0.24455,-0.28652,-0.26139,-0.2453,-0.22059,-0.35826,-0.44473,-0.43736,-0.52363,-0.31229,-0.29235,-0.27697,-0.25224,-0.28464,-0.26369,-0.24937,-0.15506,-0.12983,-0.050762,-0.10367,0.17831,0.23585,0.32055,0.53099,0.74012,0.87441,0.99499,1.2793,1.5658,1.7266,2.0228,2.2704,2.4738,2.5171,2.5003,2.3514,2.0537,1.8849,1.5416,1.2472,0.91331,0.83518,0.63655,0.39839,0.13964,0.015943,-0.2332,-0.38565,-0.51334,-0.53639,-0.58867,-0.64614,-0.65159,-0.67983,-0.70781,-0.68866,-0.68109,-0.67029,-0.67772,-0.68666,-0.69167,-0.68861,-0.6973,-0.73488,-0.73592,-0.77513,-0.82092,-0.78783,-0.83579,-0.88698,-0.89819,-0.93502,-0.98502,-0.99618,-0.93805,-0.9146,-0.89346,-0.87572,-0.84456,-0.83021,-0.79061,-0.75695,-0.70011,-0.66497,-0.58953,-0.5991,-0.51824,-0.45581,-0.34337,-0.32964,-0.39809,-0.36079,-0.42164,-0.55478,-0.71511,-0.76045,-0.6934,-0.6107,-0.66708,-0.62104,-0.49941,-0.4115,-0.33986,-0.29979,-0.23334,-0.1853,-0.16465,-0.049647,0.15373,-0.007108,-0.047924,-0.12431,-0.24129,0.17886,0.087069,0.20664,0.53194,0.72644,0.85765,0.96409,1.2239,1.6149,1.8273,2.2591,2.59,2.726,2.7688,2.6629,2.333,2.1194,1.5893,1.07,0.64028,0.36641,-0.17428,-0.53719,-0.75581,-0.87411,-0.9047,-0.97001,-0.97529,-0.96098,-0.98679,-0.98027,-0.93311,-0.91986,-0.94163,-0.93566,-0.93563,-0.97576,-0.9939,-0.97791,-1.0003,-0.99695,-0.94222,-0.90427,-0.87636,-0.87984,-0.92087,-0.98774,-0.99311,-0.89823,-0.93916,-0.92053,-0.90721,-0.89839,-0.87202,-0.83045,-0.80822,-0.78247,-0.73318,-0.69024,-0.67499,-0.82844,-0.76439,-0.54789,-0.69533,-0.65738,-0.34036,-0.31244,-0.22995,-0.22,-0.25978,-0.36496,-0.52682,-0.58411,-0.58012,-0.53084,-0.57392,-0.48114,-0.28508,-0.13709,0.10867,0.23715,0.25841,0.24716,0.22996,0.39988,0.23299,0.17114,0.12979,0.17369,0.12938,0.17941,0.30289,0.655,0.78363,0.889,1.031,1.353,1.4999,1.703,1.9904,2.1907,2.2758,2.4065,2.5327,2.586,2.5909,2.5235,2.1517,1.9506,1.9628,1.7187,1.4482,1.399,1.333,1.2131,1.0352,0.95922,0.76771,0.60401,0.46519,0.41658,0.23179,0.084625,-0.081509,-0.18431,-0.34646,-0.52369,-0.59986,-0.64314,-0.67342,-0.72415,-0.72873,-0.70803,-0.73978,-0.77832,-0.83869,-0.82429,-0.87842,-0.91111,-0.98694,-1.0179,0
-1.2539,-1.3983,-1.4473,-1.3214,-1.2668,-0.99403,-0.64941,-0.4221,-0.37429,0.47906,1.4002,1.7621,1.5682,1.7138,1.8943,1.885,2.0612,1.8622,2.1403,2.2871,2.5243,2.5307,2.0996,1.7753,1.3293,0.70175,0.13622,-0.39319,-0.11166,-0.16778,-0.27763,-0.25623,-0.36169,-0.4587,-0.44053,-0.26062,-0.15521,-0.11605,-0.14316,-0.1813,-0.15454,-0.087852,-0.33019,-0.38932,-0.42399,-0.35964,-0.26802,-0.51065,-0.40762,-0.5449,-0.61159,-0.58612,-0.57602,-0.72184,-0.82896,-0.67764,-0.58698,-0.4868,-0.4388,-0.42966,-0.54305,-0.57753,-0.49389,-0.47722,-0.48305,-0.47777,-0.55349,-0.49632,-0.53334,-0.73455,-0.76994,-0.74147,-0.61993,-0.70397,-0.79189,-0.70463,-0.71814,-0.77761,-0.81642,-0.84566,-0.90734,-0.95297,-0.86008,-0.8731,-0.91568,-0.89414,-0.92657,-0.98153,-1.0355,-1.1787,-1.0773,-1.1375,-1.1427,-1.2854,-1.2265,-1.2221,-1.1424,-1.0872,-0.93398,-0.94962,-0.71209,-0.69684,-0.7739,-0.38182,-0.18765,0.20163,0.39481,0.75216,1.0557,1.2832,1.3382,1.4482,1.3362,1.4398,1.558,1.8801,2.0163,2.337,2.5719,2.7914,2.7668,2.7025,2.3317,1.8704,1.2913,0.76581,0.51857,0.010948,-0.26017,-0.089038,-0.1364,-0.20931,-0.24235,-0.13945,-0.024111,0.05293,0.13148,0.20877,0.19733,0.27082,0.35782,0.44691,0.48399,0.54161,0.63073,0.4406,0.34661,0.28408,0.18112,0.14554,0.11302,0.033894,-0.056959,-0.20976,-0.33939,-0.42947,-0.56054,-0.55734,-0.54753,-0.56077,-0.58044,-0.64447,-0.64608,-0.59352,-0.67614,-0.63422,-0.51584,-0.59535,-0.66735,-0.72416,-0.6845,-0.66921,-0.7345,-0.77173,-0.73346,-0.73253,-0.71844,-0.70779,-0.72913,-0.72719,-0.76461,-0.7294,-0.766,-0.75422,-0.74158,-0.72966,-0.71993,-0.72639,-0.63162,-0.41534,-0.40098,-0.16627,0.045046,0.093533,0.22608,0.69374,0.88285,0.9081,0.9945,1.5238,1.4588,1.5091,1.4448,1.4416,1.5699,2.0279,2.2464,2.7013,2.8519,2.9484,2.8873,2.5831,2.0942,1.7466,1.0297,0.58177,0.03572,-0.22197,-0.37663,-0.28548,-0.11461,-0.2909,-0.27122,-0.3192,-0.31644,-0.36265,-0.33198,-0.41406,-0.49805,-0.40425,-0.36547,-0.44953,-0.52068,-0.62384,-0.58711,-0.60461,-0.59278,-0.65463,-0.63681,-0.57121,-0.30946,-0.29427,-0.35961,-0.74326,-0.6131,-0.50491,-0.49058,-0.51449,-0.48129,-0.45498,-0.46235,-0.47924,-0.49331,-0.38486,-0.34394,-0.41508,-0.34423,-0.29093,-0.29917,-0.33247,-0.3116,-0.26158,-0.26366,-0.21149,-0.20591,-0.22376,-0.19229,-0.20271,-0.20335,-0.061157,-0.10795,-0.2684,-0.43453,-0.31077,-0.29715,-0.28923,-0.32593,1
-1.0331,-0.91426,-0.89131,-0.85351,-0.92622,-0.88502,-0.76989,-0.7705,-0.6564,-0.6421,-0.66533,-0.77928,-0.72815,-0.73442,-0.73955,-0.68496,-0.68915,-0.72442,-0.79206,-1.007,-1.0121,-0.91747,-0.90677,-0.82238,-0.80852,-0.73803,-0.62817,-0.55472,-0.46904,-0.47255,-0.5336,-0.52525,-0.56242,-0.64412,-0.68683,-0.72708,-0.63886,-0.37764,0.13572,0.31197,0.81386,0.83409,1.5251,1.7625,1.7804,2.1731,2.3454,2.4424,2.4205,2.4412,2.5834,2.3307,2.4561,2.6667,2.6033,2.6614,2.6847,2.5618,2.7188,2.6587,2.5651,2.3277,2.0837,1.8758,1.8366,1.7836,1.4779,1.3142,1.3777,0.93364,0.81442,0.4877,-0.12625,0.52358,0.54285,0.22686,0.099416,0.46067,0.185,0.027501,-0.59247,-0.9673,-0.40367,-0.45998,-0.53748,-0.65369,-0.6694,-0.66339,-0.68152,-0.58555,-0.62791,-0.65116,-0.72623,-0.74515,-0.79791,-0.80849,-0.78428,-0.57638,-0.52022,-0.46579,-0.20614,-0.074724,0.031036,0.13128,0.154,0.20655,0.25359,0.0729,0.11455,-0.001602,-0.15746,-0.15858,-0.17294,-0.1428,-0.11512,-0.10628,-0.14203,-0.14802,-0.25844,-0.25494,-0.25078,-0.15306,-0.10408,-0.16638,-0.17522,-0.15953,-0.15949,-0.11624,-0.15229,-0.094297,-0.059849,-0.003585,-0.041569,-0.16048,0.47861,1.0878,1.2191,1.6637,1.6609,1.8803,1.7973,1.3856,0.69715,0.59247,0.41527,0.83072,0.50219,0.57492,0.57846,0.37237,0.16732,-0.031782,0.048799,0.065441,-0.1256,-0.14155,-0.50676,-0.59968,-0.58566,-0.87018,-0.95656,-1.0625,-1.0741,-1.1836,-1.2543,-1.2879,-1.3045,-1.3266,-1.323,-1.2456,-1.2943,-1.2948,-1.2672,-1.2716,-1.1093,-1.0355,-1.013,-0.82973,-0.56947,-0.38582,-0.24386,-0.11629,-0.035446,0.017541,0.085274,0.12511,-0.18691,-0.25037,-0.24246,-0.25808,-0.25906,-0.29778,-0.18855,-0.11723,-0.2245,-0.35872,-0.31794,-0.27361,-0.27338,-0.34836,-0.16811,-0.067006,-0.10111,-0.059073,-0.12543,-0.11555,-0.15392,-0.07869,-0.076621,-0.12672,-0.052304,-0.007379,0.013101,0.002106,0.029829,0.12317,0.27524,0.11011,0.22134,0.27761,0.087947,-0.39355,-0.37144,-0.59391,-0.60762,-0.70044,-0.87783,-0.96427,-1.0121,-1.0628,-0.83663,-0.4551,-0.22338,0.17474,0.44213,0.89578,1.1848,1.4405,1.5865,1.4635,1.5195,1.3108,1.4001,1.3564,1.2079,1.3662,1.2646,0.95554,0.90246,0.87099,0.5403,0.58096,0.16805,0.007625,-0.12681,-0.16647,-0.29902,-0.3992,-0.57418,-0.69201,-0.70377,-0.91132,-0.97437,-1.063,-1.1178,-1.1718,-1.2921,-1.304,-1.3721,-1.3559,-1.356,-1.3405,-1.2813,-1.2625,-1.2162,-1.1716,-0.82773,1
1.4748,1.0942,0.95398,0.71083,0.45459,0.16525,0.12732,-0.15252,-0.29503,-0.36827,-0.46044,-0.59381,-0.56717,-0.6991,-0.67372,-0.70677,-0.73159,-0.74673,-0.70318,-0.69923,-0.63493,-0.6911,-0.71554,-0.67325,-0.67098,-0.6607,-0.63643,-0.68502,-0.6644,-0.64714,-0.61804,-0.66565,-0.66845,-0.54677,-0.5094,-0.52602,-0.52697,-0.42583,-0.34662,-0.32713,-0.27586,-0.18641,-0.1689,-0.037137,-0.070729,-0.16801,-0.23738,-0.5398,-0.718,-0.71181,-0.82477,-0.66656,-0.46034,-0.056093,0.1982,0.49088,0.68698,0.94806,1.0993,1.1188,0.9608,0.86201,0.89216,0.70016,0.47307,0.52821,0.57011,0.75531,0.72611,0.65368,0.76158,0.9382,1.0959,1.4635,1.9444,2.3965,2.7014,3.2024,3.074,2.8169,2.2411,1.7212,1.4755,1.2385,0.95257,0.61346,0.41583,0.21245,-0.050834,-0.19646,-0.37882,-0.48574,-0.50344,-0.55735,-0.5922,-0.57117,-0.62788,-0.66123,-0.65751,-0.66349,-0.66352,-0.68201,-0.70732,-0.68524,-0.69073,-0.66208,-0.66348,-0.62201,-0.6125,-0.61655,-0.68962,-0.71072,-0.71205,-0.60077,-0.68785,-0.72599,-0.73859,-0.56729,-0.54942,-0.50891,-0.38548,-0.32786,-0.28126,-0.13688,-0.064283,-0.033757,-0.047825,-0.095714,-0.35168,-0.43917,-0.66868,-0.73131,-0.66702,-0.30781,0.25094,0.30119,0.42197,0.35594,0.31364,0.34009,0.36799,0.30919,0.25747,0.27805,0.16412,-0.018803,0.021112,0.077014,0.32609,0.37639,0.22659,0.59884,0.76476,1.2992,1.9357,2.3709,2.6287,3.0986,3.1184,2.983,2.7374,2.4468,2.3275,2.1601,1.6956,1.2111,1.0472,0.72189,0.36748,0.23267,-0.087928,-0.28277,-0.35209,-0.55143,-0.65354,-0.66033,-0.70578,-0.75229,-0.79254,-0.81903,-0.73046,-0.69107,-0.70582,-0.74948,-0.80132,-0.78539,-0.78039,-0.86165,-0.89411,-0.83369,-0.79565,-0.86902,-0.90207,-0.88609,-1.0015,-1.0276,-1.0366,-1.0197,-1.1002,-0.98788,-0.81865,-0.8035,-0.80104,-0.75588,-0.70849,-0.58133,-0.5342,-0.21508,-0.32252,-0.39216,-0.52715,-0.56777,-0.6739,-0.64315,-1.0233,-0.95779,-0.88109,-0.51813,-0.11308,0.13963,0.15336,0.23917,0.18734,0.094343,0.1455,0.15762,0.15346,0.13708,0.14046,0.13222,-0.052995,0.017491,0.008031,0.17979,0.20072,0.33184,0.50023,0.82087,1.2672,1.4201,1.8642,2.1439,2.265,2.3408,2.1695,1.9286,1.6904,1.16,0.84581,0.68924,0.35875,-0.001104,-0.12262,-0.4204,-0.65388,-0.77826,-0.99188,-1.0353,-1.0484,-1.0702,-0.97307,-1.0547,-1.0546,-1.0911,-1.0594,-0.99579,-1.0032,-1.1017,-1.1831,-1.2255,-1.1521,-1.1955,-1.1209,-1.216,-1.191,-1.1316,-1.0865,0
-0.0787,-0.05765,0.02197,0.039666,-0.091992,-0.45077,-0.68401,-0.77404,-0.87124,-0.7971,-0.42958,0.001516,0.21625,0.63888,0.8768,0.89647,0.83152,0.73446,0.70709,0.67473,0.62752,0.72537,0.73516,0.59676,0.47929,0.57658,0.66996,0.66129,0.73235,0.87501,1.1996,1.6436,1.9307,2.4257,2.99,3.2128,3.1793,2.8346,2.3938,2.1806,1.646,1.2638,1.1668,0.86736,0.60965,0.35939,0.21851,-0.10838,-0.45928,-0.52169,-0.51631,-0.50691,-0.54006,-0.64256,-0.68015,-0.66318,-0.66839,-0.64491,-0.61421,-0.62368,-0.66358,-0.64657,-0.6693,-0.74647,-0.66455,-0.65618,-0.63135,-0.57806,-0.57465,-0.56988,-0.55776,-0.46576,-0.46401,-0.44705,-0.37588,-0.38053,-0.3785,-0.32596,-0.28621,-0.30173,-0.23399,-0.12198,-0.1083,-0.03693,-0.067881,-0.30394,-0.3781,-0.54048,-0.71348,-0.78175,-0.81282,-0.489,-0.25236,0.24511,0.59019,0.77116,0.82714,0.79909,0.73738,0.67704,0.51204,0.41728,0.3652,0.43009,0.45399,0.30287,0.22546,0.022718,-0.072346,-0.2686,-0.56446,-0.098775,0.1443,0.78907,1.5784,2.2914,2.6515,3.0194,2.6719,2.3321,1.6675,1.291,1.0719,0.64926,0.44546,0.070084,-0.032068,-0.24108,-0.13696,-0.1773,-0.28765,-0.51536,-0.58815,-0.74503,-0.77473,-0.65535,-0.71711,-0.7616,-0.81407,-0.79407,-0.79909,-0.85084,-0.83928,-0.77508,-0.82212,-0.78251,-0.79646,-0.83864,-0.85283,-0.88081,-0.82839,-0.87405,-0.86576,-0.84441,-0.80088,-0.811,-0.81585,-0.79314,-0.82608,-0.82428,-0.66621,-0.50896,-0.47256,-0.45852,-0.33648,-0.42605,-0.42026,-0.47514,-0.61874,-0.67804,-0.95232,-1.0761,-1.0484,-0.7355,-0.23686,0.17945,0.40027,0.59733,0.67881,0.69079,0.62387,0.50549,0.44729,0.27498,0.2,0.088774,0.10355,0.092047,0.60207,0.5027,0.068351,-0.004202,0.028808,0.1463,0.41196,0.9421,1.2694,1.7966,2.5047,2.7863,3.1621,3.0527,2.8454,2.352,1.8326,1.362,1.1626,0.93565,0.45406,0.26972,-0.065377,-0.29116,-0.41197,-0.63123,-0.8587,-1.0084,-1.0153,-0.9803,-1.0812,-1.0877,-1.0334,-1.1389,-1.1562,-1.1963,-1.2042,-1.1652,-1.1694,-1.167,-1.142,-1.0919,-1.0576,-1.096,-1.0717,-1.0739,-1.1494,-1.0524,-1.0904,-1.1612,-1.0346,-0.91931,-0.83532,-0.81767,-0.7921,-0.75004,-0.58039,-0.38992,-0.43385,-0.43346,-0.50245,-0.59961,-0.70868,-0.81791,-0.97275,-1.2142,-1.3681,-1.3725,-1.2642,-0.93051,-0.48037,-0.26615,0.039878,0.30681,0.40921,0.31132,0.29846,0.20259,0.26354,0.093491,0.021624,0.001607,-0.17342,-0.17647,-0.10005,0.049978,0.016939,0.053268,0.18232,0
-0.76263,-0.56545,-0.36835,-0.41128,-0.42792,-0.34437,-0.21631,-0.019469,0.099029,0.21774,0.34085,0.36005,0.39931,0.38348,0.4171,0.38237,0.48691,0.71879,0.77686,0.99726,1.0378,1.0785,1.09,1.213,0.59564,0.82627,0.82487,1.0302,1.1804,1.2288,1.3405,1.1406,0.96944,0.8544,0.77093,0.75454,0.85879,0.79888,0.77498,0.82542,0.60046,0.23344,-0.12768,-0.21183,0.045988,0.42354,0.35122,0.28456,0.097322,0.26438,0.17567,0.45738,0.45892,0.4427,0.58851,0.66344,0.70756,1.0101,1.4525,1.6295,1.5287,0.79879,-0.89568,-0.45591,-1.0961,-1.2111,-1.5498,-1.4846,-1.5609,-1.7295,-1.655,-1.5456,-1.3915,-1.3891,-1.2833,-1.1876,-1.195,-1.2387,-1.2714,-1.2192,-1.2403,-1.2135,-1.2254,-1.2412,-1.1892,-1.14,-1.1541,-1.0741,-1.0891,-1.0903,-1.0889,-1.0492,-1.0956,-1.0645,-1.1986,-1.1657,-1.0843,-1.2024,-1.1751,-1.0232,-0.96489,-0.98887,-1.0345,-1.2484,-1.1162,-0.87976,-0.94509,-0.96442,-0.92436,-0.89756,-0.74415,-0.70259,-0.62549,-0.52692,-0.51377,-0.61448,-0.62105,-0.54889,-0.43061,-0.45736,-0.35333,-0.24042,-0.3116,-0.29163,-0.14945,-0.17006,-0.084244,0.014668,0.0794,0.18147,0.18497,0.14934,0.20869,0.34682,0.32915,0.55237,0.66745,0.67424,0.60562,0.74588,0.9551,0.90893,0.89971,0.90121,0.43912,0.29796,0.31392,0.33167,0.17806,0.28495,0.24351,-0.019768,-0.11433,-0.11403,-0.010124,0.008011,-0.031716,0.090409,0.39483,0.39017,0.29408,0.34136,0.31473,0.34759,0.36193,0.39252,0.34208,0.4954,0.52689,0.54575,0.6011,0.51456,0.52241,0.85691,0.73099,0.91908,1.099,1.0194,1.0467,0.76355,0.61232,0.54038,0.54213,0.44322,0.47799,0.7382,0.77464,0.93585,0.9851,1.264,1.2785,1.3035,1.0184,1.0183,1.1519,1.2213,1.1757,1.2448,1.2662,1.2613,1.3149,1.1868,0.73782,0.37413,-0.53626,-1.2743,-1.524,-1.8413,-1.9353,-2.163,-2.0988,-2.07,-2.173,-2.1297,-2.0319,-1.9908,-1.8998,-1.7794,-1.7819,-1.7782,-1.6571,-1.5136,-1.7215,-1.578,-1.5077,-1.4008,-1.2872,-1.2343,-1.1608,-1.0976,-1.059,-0.96605,-0.91723,-0.78892,-0.72632,-0.6772,-0.51966,-0.49564,-0.29282,-0.25617,-0.37949,-0.29743,-0.19101,-0.15038,-0.16161,-0.074302,0.011809,0.1819,0.24202,0.26865,0.41599,0.60801,0.68375,0.85661,0.92058,1.0385,1.3182,1.2154,1.3788,1.5939,1.7612,1.8035,1.959,1.8463,1.7262,1.6689,1.3195,1.4072,1.2503,1.1868,1.3189,1.0771,1.1959,1.3074,1.1605,1.1774,1.2096,1
0.80255,0.56959,0.55749,0.56608,0.44246,0.11407,0.17757,-0.002603,-0.20992,-0.71321,-1.2864,-0.88138,-0.82595,-0.97249,-1.0282,-0.96396,-0.92131,-0.85719,-0.82939,-0.87381,-0.90279,-0.95403,-0.97291,-1.0423,-1.0629,-1.1199,-1.2317,-1.3465,-1.3312,-1.3403,-1.4002,-1.3504,-1.2238,-1.2854,-1.2604,-1.3138,-1.2507,-1.2228,-1.1117,-1.0303,-0.9635,-0.90295,-0.8665,-0.89938,-0.89076,-0.73674,-0.7236,-0.65574,-0.34364,-0.3147,-0.26985,-0.30326,-0.24815,-0.11751,-0.040828,-0.15468,-0.16822,-0.013422,0.12964,0.18557,0.30487,0.333,0.38237,0.66073,0.63958,0.6941,0.70987,0.67892,0.71252,0.64758,0.62729,0.4635,0.42761,0.22232,0.16125,0.16744,0.31149,0.2833,0.23599,0.26264,0.32906,0.47488,0.51032,0.42108,0.36693,0.30828,0.34919,0.36198,0.35322,0.27894,0.30834,0.56802,0.56969,0.59251,0.54674,0.65099,0.60375,0.60585,0.69921,0.88506,0.83707,0.79933,0.97616,1.0117,0.94413,0.95328,0.95407,0.90676,0.95371,0.73055,0.71672,0.68125,0.82789,0.80336,0.88457,0.85624,0.9068,0.84533,0.90303,0.94964,1.0544,1.0829,1.0761,0.94154,0.96295,0.94663,0.98485,1.0197,0.96184,0.7634,0.47993,0.15321,-0.59112,-0.47183,-0.083249,-0.35554,-0.3107,-0.25595,-0.17773,-0.12262,-0.14229,-0.10154,-0.10862,-0.17242,-0.33886,-0.44376,-0.51618,-0.56263,-0.56316,-0.64282,-0.61889,-0.75605,-0.76409,-0.68544,-0.69793,-0.75117,-0.78084,-0.80841,-0.87201,-0.89217,-0.96563,-0.9754,-0.99937,-1.0295,-1.0654,-1.0635,-1.0824,-1.0968,-1.1756,-1.1779,-1.181,-1.2592,-1.2093,-1.2195,-1.2318,-1.1792,-1.1998,-1.1841,-1.152,-1.1386,-1.0963,-1.0976,-1.0309,-0.99812,-1.0568,-1.045,-0.98884,-0.95393,-0.91148,-0.88987,-0.81762,-0.67751,-0.56355,-0.55178,-0.57857,-0.5825,-0.55647,-0.36007,-0.3083,-0.2849,-0.26772,-0.05204,-0.042861,-0.059121,0.12466,0.27822,0.27989,0.39846,0.49652,0.6108,0.71161,0.87683,0.85795,0.87103,0.98367,0.92597,0.85113,0.93184,0.79451,0.63978,0.39496,0.29375,0.21603,0.16423,0.2134,0.25674,0.29516,0.34706,0.26786,0.27199,0.42069,0.54222,0.56107,0.69043,0.78402,0.90909,0.98974,1.1552,1.3248,1.4493,1.6674,1.8533,2.0113,2.2188,2.3307,2.6426,2.9948,3.198,3.5434,3.596,3.58,3.4216,3.0611,2.2366,1.5079,0.2059,-0.87122,-0.12347,-0.6543,-0.79474,-0.83073,-0.97747,-0.95803,-0.86493,-0.81726,-0.81542,-0.81883,-0.77261,-0.86578,-0.8409,-0.8604,-0.95128,-0.93111,-1.0033,-0.94744,-0.97698,-1.0188,1