att0,att1,att2,att3,att4,att5,att6,att7,att8,att9,att10,att11,att12,att13,att14,att15,att16,att17,att18,att19,att20,att21,att22,att23,att24,att25,att26,att27,att28,att29,att30,att31,att32,att33,att34,att35,att36,att37,att38,att39,att40,att41,att42,att43,att44,att45,att46,att47,att48,att49,att50,att51,att52,att53,att54,att55,att56,att57,att58,att59,att60,att61,att62,att63,att64,att65,att66,att67,att68,att69,att70,att71,att72,att73,att74,att75,att76,att77,att78,att79,att80,att81,att82,att83,att84,att85,att86,att87,att88,att89,att90,att91,att92,att93,att94,att95,att96,att97,att98,att99,att100,att101,att102,att103,att104,att105,att106,att107,att108,att109,att110,att111,att112,att113,att114,att115,att116,att117,att118,att119,att120,att121,att122,att123,att124,att125,att126,att127,att128,att129,att130,att131,att132,att133,att134,att135,target
0.009913,0.033429,-0.005764,-0.029279,-0.052795,0.009913,-0.021441,-0.029279,-0.060633,-0.091987,-0.013602,-0.060633,-0.013602,-0.07631,-0.060633,-0.12334,-0.084149,-0.068472,-0.037118,-0.07631,-0.060633,-0.12334,-0.060633,-0.091987,-0.068472,-0.10766,-0.099826,-0.14686,-0.029279,0.009913,0.096137,0.12749,0.16668,0.2921,0.41752,0.11965,-0.084149,-0.07631,-0.2174,-0.19389,-0.27227,-0.24092,-0.31147,-0.30363,-0.24092,-0.20956,-0.1547,-0.2174,-0.091987,0.66051,2.8318,5.0266,0.91918,-4.9362,-6.1198,-4.3326,-2.42,-1.0718,-0.44472,-0.33498,-0.14686,-0.12334,-0.052795,0.002075,-0.005764,-0.044956,0.02559,0.12749,0.064783,0.11965,0.15884,0.25291,0.33913,0.35481,0.42535,0.67619,0.76241,0.87999,1.1308,1.0916,1.2641,1.1543,1.1465,0.98973,0.76241,0.55077,0.36265,0.22939,0.11965,0.08046,0.02559,0.033429,0.049106,0.009913,0.064783,0.096137,0.096137,0.11965,0.14317,0.1902,0.11965,0.072621,0.19804,0.096137,0.10398,0.041267,-0.013602,0.009913,0.08046,-0.013602,-0.021441,0.009913,-0.07631,-0.14686,-0.060633,0.033429,-0.060633,-0.005764,-0.060633,0.002075,-0.068472,0.009913,-0.029279,-0.029279,-0.052795,-0.037118,-0.091987,0.002075,-0.044956,-0.060633,-0.068472,0.002075,-0.029279,-0.1155,0.002075,0.02559,1
0.073039,0.032245,0.040404,0.048563,0.032245,0.052642,0.040404,0.015928,0.015928,0.003689,-0.00039,-0.008549,-0.016707,-0.012628,-0.008549,-0.049343,-0.020787,-0.045263,-0.053422,-0.057501,-0.061581,-0.086057,-0.090136,-0.057501,-0.073819,-0.090136,-0.073819,-0.10645,-0.081978,-0.077898,-0.098295,-0.098295,-0.06566,-0.016707,0.048563,0.056721,0.081198,0.15871,-0.098295,-0.15133,-0.18804,-0.21252,-0.18804,-0.26555,-0.26555,-0.24107,-0.26963,-0.26555,-0.24923,-0.27371,-0.24923,-0.18804,0.073039,1.5906,1.101,-1.5383,-4.5367,-5.271,-3.4801,-1.8687,-0.80811,-0.37161,-0.22884,-0.11869,-0.073819,-0.012628,0.003689,0.048563,0.040404,0.12199,0.18726,0.22806,0.28517,0.34636,0.41979,0.53809,0.65231,0.81549,1.0358,1.2969,1.6069,1.9414,2.2881,2.6104,2.8756,2.9653,2.847,2.4513,1.8965,1.2561,0.68903,0.34636,0.10975,-0.033025,-0.11461,-0.13909,-0.16357,-0.15949,-0.14725,-0.13093,-0.11461,-0.086057,-0.10645,-0.10645,-0.090136,-0.073819,-0.098295,-0.14725,-0.13909,-0.16357,-0.2166,-0.18396,-0.23291,-0.24107,-0.27779,-0.26963,-0.29003,-0.28187,-0.30634,-0.33082,-0.3145,-0.33898,-0.3553,-0.3553,-0.36346,-0.3553,-0.37161,-0.37161,-0.42057,-0.36346,-0.38793,-0.38793,-0.40425,-0.38793,-0.37569,-0.40425,1
1.9088,0.36896,0.34081,0.32204,0.3502,0.3502,0.37835,0.33143,0.37835,0.27512,0.3502,0.29389,0.38773,0.31266,0.3502,0.31266,0.30327,0.24696,0.23758,0.20004,0.20943,0.26573,0.23758,0.25635,0.18127,0.18127,0.22819,0.19066,0.18127,0.17189,0.17189,0.13435,0.1625,0.11558,0.05927,0.05927,0.3502,0.31266,0.41589,0.031116,-0.12842,-0.16596,-0.2035,-0.29735,-0.18473,-0.015808,0.012347,-0.090885,-0.043962,-0.025192,0.021731,-0.025192,0.012347,0.002962,0.021731,0.69743,0.4722,-3.4037,-6.1628,-5.9657,-4.2483,-2.5684,-1.5549,-0.74781,-0.18473,-0.053346,0.087424,0.087424,0.087424,0.12496,0.18127,0.049885,0.13435,0.12496,0.14373,0.2845,0.38773,0.41589,0.48158,0.67866,0.85697,1.0447,1.2136,1.3637,1.467,1.4576,1.3731,0.96959,0.65051,0.2845,0.20004,0.031116,-0.053346,0.002962,0.05927,-0.072116,-0.062731,-0.0815,-0.10027,-0.13781,-0.043962,-0.034577,0.12496,0.068655,0.068655,0.021731,0.11558,0.031116,0.049885,-0.072116,-0.034577,-0.10027,-0.006423,-0.034577,0.049885,-0.12842,0.021731,-0.14719,-0.034577,-0.034577,0.040501,-0.043962,-0.090885,-0.062731,-0.025192,-0.10027,-0.062731,-0.0815,0.021731,0.15312,0.14373,0.33143,0.002962,-0.29735,-0.27858,-0.35366,2
-0.48046,-0.47018,-0.37762,-0.42904,-0.42904,-0.44961,-0.37762,-0.31592,-0.44961,-0.31592,-0.40847,-0.33649,-0.33649,-0.2645,-0.28507,-0.28507,-0.27479,-0.2645,-0.21308,-0.21308,-0.18223,-0.13081,-0.13081,-0.038261,-0.079396,-0.079396,-0.099964,0.013157,-0.00741,0.033725,0.044008,0.054292,0.13656,0.28053,0.28053,0.31138,0.13656,0.023441,-0.017694,-0.08968,-0.017694,0.19826,0.15713,0.14685,0.20855,0.21883,0.2394,0.2394,0.28053,0.33195,0.88727,1.4015,-2.6195,-5.4681,-5.9308,-3.9358,-2.4035,-1.2929,-0.45989,0.15713,0.32167,0.45536,0.49649,0.51706,0.54791,0.55819,0.54791,0.6816,0.6199,0.60961,0.71245,0.7433,0.805,0.90784,1.0724,1.2678,1.4529,1.6483,1.8745,1.9671,1.9465,1.7922,1.4632,1.0621,0.70217,0.45536,0.31138,0.27025,0.21883,0.18798,0.1777,0.14685,0.13656,0.064576,0.22911,0.19826,0.20855,0.13656,0.15713,0.16741,0.13656,0.10571,0.13656,0.12628,0.10571,0.054292,0.074859,0.044008,0.054292,0.023441,0.002873,0.002873,0.002873,-0.038261,-0.048545,-0.079396,-0.058829,-0.08968,-0.099964,-0.12053,-0.12053,-0.1411,-0.11025,-0.11025,0.044008,0.12628,-0.11025,-0.23365,-0.33649,-0.40847,-0.5833,-0.51131,-0.38791,-0.36734,-0.37762,-0.36734,2
0.33531,0.29816,0.29816,0.28887,0.30745,0.22386,0.24243,0.26101,0.15884,0.26101,0.25172,0.21457,0.23314,0.15884,0.21457,0.20528,0.20528,0.22386,0.17742,0.20528,0.21457,0.15884,0.20528,0.14027,0.15884,0.12169,0.084544,0.10312,0.13098,0.084544,0.047394,0.065969,0.19599,0.31673,0.32602,0.27958,-0.10121,-0.26838,-0.26838,-0.23123,-0.15693,-0.036194,-0.073344,-0.10121,-0.10121,-0.017619,-0.017619,-0.045482,-0.026907,0.000956,-0.008332,0.30745,1.2734,-1.9216,-5.3765,-6.0545,-4.1413,-2.5531,-1.4665,-0.69561,-0.15693,0.028819,0.14027,0.14027,0.17742,0.16813,0.22386,0.21457,0.21457,0.25172,0.32602,0.26101,0.40961,0.38175,0.54892,0.52106,0.66037,0.74396,0.939,1.1619,1.3291,1.6449,1.8678,2.0814,2.2485,2.1557,1.9049,1.422,0.89256,0.4932,0.20528,0.056681,-0.017619,-0.10121,-0.064057,-0.10121,-0.20337,-0.10121,-0.026907,-0.091919,-0.10121,-0.054769,-0.073344,-0.064057,-0.064057,-0.11978,-0.082632,-0.19408,-0.017619,-0.15693,-0.19408,-0.15693,-0.23123,-0.16622,-0.21266,-0.22195,-0.23123,-0.28696,-0.17551,-0.23123,-0.31482,-0.28696,-0.26838,-0.28696,-0.34268,-0.2591,-0.30553,-0.37983,-0.3334,-0.35197,-0.32411,-0.31482,-0.35197,-0.32411,-0.37983,-0.4077,1
0.24689,0.24689,0.27225,0.25196,0.20632,0.19618,0.24182,0.19618,0.18603,0.12011,0.10997,0.10997,0.14039,0.08968,0.04911,0.094751,0.12518,0.04911,0.094751,0.084609,0.018682,0.01361,0.054181,0.003468,0.044038,0.038967,0.044038,0.069395,0.12518,0.18603,0.24182,0.25196,0.31282,0.27732,0.13025,-0.006675,-0.062459,-0.16389,-0.12839,-0.15881,-0.19938,-0.19938,-0.16389,-0.15881,-0.17403,-0.1436,-0.16389,0.11504,1.6161,3.8069,1.961,-3.014,-6.3915,-5.4076,-3.4146,-1.7918,-0.76737,-0.42252,-0.2501,-0.16389,-0.082744,-0.082744,-0.042174,0.008539,0.038967,0.033896,0.10997,0.14039,0.28746,0.37367,0.52581,0.73374,0.94166,1.1648,1.3524,1.4741,1.5654,1.5705,1.4386,1.1445,0.85038,0.59174,0.3331,0.21646,0.10997,0.04911,-0.016817,-0.02696,-0.06753,-0.011746,-0.021889,-0.02696,0.018682,0.008539,0.028824,0.033896,0.023753,0.059252,0.038967,0.023753,0.003468,-0.037103,-0.011746,-0.037103,-0.06753,-0.057388,-0.047245,-0.11317,-0.1081,-0.1081,-0.13853,-0.1081,-0.12839,-0.12839,-0.13346,-0.12839,-0.1081,-0.15881,-0.13346,-0.1791,-0.1791,-0.082744,0.008539,0.059252,0.084609,0.12011,0.20632,-0.042174,-0.17403,-0.17403,-0.30588,-0.27038,-0.33124,-0.33124,-0.3211,-0.32617,2
-0.53259,-0.48285,-0.49943,-0.48285,-0.45798,-0.47456,-0.43311,-0.45798,-0.42482,-0.4414,-0.4414,-0.42482,-0.42482,-0.42482,-0.42482,-0.44969,-0.40824,-0.43311,-0.40824,-0.49114,-0.48285,-0.39166,-0.40824,-0.42482,-0.40824,-0.39995,-0.37508,-0.42482,-0.35021,-0.40824,-0.37508,-0.39166,-0.40824,-0.22585,-0.10979,-0.084915,-0.20927,-0.42482,-0.59063,-0.64866,-0.68182,-0.59063,-0.39995,-0.41653,-0.3585,-0.3585,-0.35021,-0.30875,-0.29217,-0.28388,-0.24243,-0.28388,-0.14295,0.77728,-1.0051,-3.998,-6.1286,-4.4456,-3.2601,-2.0995,-1.1212,-0.49114,-0.14295,-0.084915,-0.002012,0.022859,0.097472,0.13063,0.11405,0.18867,0.13063,0.18038,0.28815,0.34618,0.4208,0.52028,0.60318,0.79386,0.96796,1.1669,1.3493,1.4405,1.6395,1.6229,1.3493,1.0592,0.78557,0.53686,0.37934,0.35447,0.33789,0.3296,0.26328,0.26328,0.29644,0.33789,0.37934,0.36276,0.45396,0.43738,0.43738,0.45396,0.46225,0.57831,0.57002,0.53686,0.54515,0.57831,0.56173,0.5866,0.63634,0.66122,0.68609,0.61976,0.61147,0.66951,0.60318,0.66122,0.57831,0.62805,0.66951,0.69438,0.71096,0.69438,0.64463,0.69438,0.76899,0.72754,0.8436,0.95138,0.99283,0.83531,0.75241,0.60318,0.57831,0.49541,2
0.1623,0.12309,0.1511,0.11748,0.17351,0.11188,0.13429,0.14549,0.10068,0.10068,0.10068,0.067063,0.078267,0.033449,0.078267,0.078267,0.027847,0.044653,0.06146,0.016642,0.01104,0.06146,0.022244,0.01104,0.033449,0.055858,0.033449,0.005438,-0.011369,-0.050585,-0.039381,0.016642,0.005438,-0.028176,0.095074,0.17351,0.1623,0.20712,0.30796,0.1567,-0.022574,-0.078597,-0.19624,-0.067392,-0.25787,-0.25227,-0.22426,-0.20185,-0.25227,-0.19064,-0.21305,-0.15143,-0.15143,0.016642,1.0979,3.1203,1.0531,-3.2495,-6.0002,-4.9694,-2.9246,-1.3503,-0.54919,-0.27468,-0.17944,-0.11781,-0.044983,-0.016972,0.055858,0.089472,0.039051,0.072665,0.083869,0.20152,0.26314,0.31356,0.4144,0.50404,0.59368,0.79536,0.95222,1.2547,1.4844,1.7926,2.0111,2.252,2.2632,2.1567,2.0335,1.5741,1.0923,0.68331,0.31356,0.11748,-0.028176,-0.12902,-0.16823,-0.12341,-0.16263,-0.11781,-0.06179,-0.10661,-0.067392,-0.067392,-0.022574,-0.022574,-0.095404,-0.050585,-0.10661,-0.12341,-0.12902,-0.16823,-0.18504,-0.16823,-0.21865,-0.21865,-0.22426,-0.25787,-0.28588,-0.30829,-0.30829,-0.3419,-0.36992,-0.34751,-0.38112,-0.38112,-0.40353,-0.35311,-0.38672,-0.42034,-0.44274,-0.44835,-0.42594,-0.42594,-0.43154,-0.40913,1
0.21071,0.23166,0.23689,0.2526,0.24737,0.26307,0.22642,0.21595,0.20024,0.1793,0.15312,0.16882,0.12694,0.13741,0.11646,0.12694,0.09552,0.09552,0.11646,0.090284,0.09552,0.074576,0.069339,0.069339,0.090284,0.074576,0.058867,0.074576,0.064103,0.13741,0.22119,0.26307,0.30496,0.34685,0.39921,0.19501,0.053631,0.048395,-0.056326,-0.003966,-0.10869,-0.087743,-0.087743,-0.066798,-0.087743,-0.040618,-0.030146,-0.030146,-0.009202,0.68196,2.6926,3.499,-0.077271,-4.9521,-6.4758,-4.4599,-2.6848,-1.1611,-0.49616,-0.28671,-0.18199,-0.10869,-0.087743,-0.05109,0.016979,0.069339,0.09552,0.16882,0.20024,0.29449,0.37303,0.51441,0.66625,0.85475,1.0642,1.2632,1.4202,1.504,1.5197,1.4778,1.2841,1.0014,0.69767,0.45681,0.26831,0.15312,0.048395,0.006507,-0.009202,-0.030146,-0.05109,-0.05109,-0.061562,-0.014438,-0.040618,0.006507,0.032687,0.048395,0.022215,0.011743,-0.040618,-0.014438,-0.056326,-0.003966,-0.11392,-0.15058,-0.10869,-0.087743,-0.1244,-0.1244,-0.19246,-0.16105,-0.17152,-0.21864,-0.21864,-0.20294,-0.20294,-0.22388,-0.28671,-0.24482,-0.25006,-0.30242,-0.29719,-0.30242,-0.23959,-0.10345,-0.10345,-0.077271,-0.040618,0.032687,-0.19246,-0.23959,-0.31813,-0.42809,-0.40191,-0.4438,2
0.23385,0.23385,0.18936,0.27834,0.21605,0.23385,0.19825,0.22495,0.20715,0.17156,0.19825,0.22495,0.18046,0.15376,0.14486,0.12707,0.17156,0.14486,0.16266,0.16266,0.17156,0.14486,0.10927,0.13596,0.15376,0.11817,0.16266,0.073675,0.12707,0.073675,0.073675,0.046979,0.038081,0.29614,0.33173,0.34953,0.13596,-0.086499,-0.27337,-0.24667,-0.068702,-0.068702,-0.024209,-0.059803,-0.068702,-0.006412,-0.024209,-0.059803,0.011385,0.038081,0.020283,0.020283,0.37623,1.2127,-2.409,-5.3811,-5.8528,-4.251,-2.2044,-1.2967,-0.57592,-0.068702,0.064776,0.15376,0.11817,0.26054,0.22495,0.27834,0.23385,0.33173,0.32283,0.26944,0.39402,0.42962,0.42072,0.46521,0.58979,0.73217,0.85675,1.0258,1.2216,1.4618,1.7377,1.9424,2.1915,2.1915,2.2449,1.8445,1.3462,0.80336,0.39402,0.12707,0.011385,-0.1043,-0.11319,-0.068702,-0.11319,-0.13099,-0.024209,-0.059803,-0.14879,-0.086499,-0.068702,-0.024209,-0.033108,-0.050905,-0.12209,-0.15769,-0.12209,-0.13989,-0.17548,-0.18438,-0.21998,-0.21998,-0.30006,-0.22888,-0.23777,-0.31786,-0.27337,-0.32676,-0.30006,-0.36235,-0.28227,-0.30006,-0.31786,-0.37125,-0.38905,-0.38905,-0.30896,-0.32676,-0.34456,-0.37125,-0.42464,-0.37125,-0.34456,-0.48693,1
-0.040022,0.007159,0.00287,-0.018576,-0.052889,-0.022865,-0.057179,-0.10865,-0.065757,-0.082914,-0.10865,-0.10436,-0.12581,-0.12152,-0.078625,-0.13438,-0.12152,-0.13867,-0.15583,-0.14296,-0.16441,-0.15583,-0.17299,-0.1687,-0.18585,-0.17728,-0.18585,-0.17728,-0.2073,-0.18157,-0.19872,-0.2073,-0.10436,-0.095781,-0.031444,-0.040022,-0.065757,-0.21588,-0.2459,-0.25877,-0.31024,-0.26735,-0.29308,-0.28879,-0.30595,-0.31453,-0.30595,-0.26735,-0.31453,-0.26735,-0.28451,-0.1687,1.1996,0.59478,-2.0173,-3.7845,-4.7839,-3.3942,-1.8758,-0.83352,-0.37458,-0.20301,-0.13438,-0.070046,-0.044311,0.00287,0.020027,0.062919,0.097232,0.14012,0.16586,0.27309,0.33314,0.40176,0.52615,0.6634,0.82639,1.0666,1.3325,1.6971,2.0617,2.4563,2.7866,3.1511,3.297,3.1683,2.7694,2.1818,1.4826,0.865,0.43179,0.15299,0.037183,-0.057179,-0.082914,-0.10007,-0.11723,-0.10865,-0.091492,-0.065757,-0.10865,-0.005708,-0.022865,-0.027154,-0.044311,-0.070046,-0.074335,-0.10007,-0.13009,-0.13009,-0.13438,-0.17299,-0.17299,-0.19014,-0.20301,-0.21588,-0.25019,-0.28022,-0.27164,-0.26735,-0.25877,-0.30166,-0.23304,-0.31024,-0.27593,-0.29308,-0.34026,-0.31882,-0.33169,-0.33169,-0.30595,-0.31024,-0.3274,-0.31882,-0.3274,-0.34884,1
0.13,0.1257,0.10851,0.1257,0.065508,0.065508,0.056908,0.056908,0.056908,0.03111,0.065508,0.013911,-0.084983,0.056908,0.03111,0.03541,-0.024787,-0.016187,0.02251,-0.007588,-0.003288,-0.003288,-0.033386,-0.037686,-0.007588,-0.041986,-0.063485,-0.076384,-0.072084,-0.020487,-0.029087,0.069808,0.052609,0.095606,0.1558,-0.020487,-0.10648,-0.17098,-0.22258,-0.19248,-0.23117,-0.26127,-0.25697,-0.28277,-0.26127,-0.23547,-0.23547,-0.27847,-0.23547,0.056908,1.4887,1.4371,-1.3534,-4.4664,-5.3307,-3.7398,-1.9425,-0.85034,-0.39886,-0.23547,-0.14518,-0.076384,-0.050585,0.013911,0.039709,0.061208,0.087007,0.1343,0.1429,0.2461,0.30199,0.37939,0.46968,0.57718,0.77497,0.97705,1.2436,1.5403,1.88,2.2326,2.525,2.7915,2.942,2.8216,2.4433,1.88,1.2436,0.71047,0.35789,0.1171,-0.003288,-0.063485,-0.10218,-0.12368,-0.089283,-0.11508,-0.10648,-0.029087,-0.067784,-0.072084,-0.059185,-0.046286,-0.072084,-0.089283,-0.12368,-0.13658,-0.17958,-0.20968,-0.21828,-0.25267,-0.25697,-0.26127,-0.26987,-0.27847,-0.29567,-0.29137,-0.31287,-0.32147,-0.32577,-0.35587,-0.33867,-0.35587,-0.34727,-0.33867,-0.34727,-0.39886,-0.39457,-0.38167,-0.36447,-0.38167,-0.39027,-0.41606,-0.40746,-0.42036,-0.40746,-0.41606,1
0.02695,0.010514,-0.01414,-0.001813,0.002296,-0.010031,-0.030576,-0.026467,-0.059338,-0.001813,-0.05112,-0.042903,-0.059338,-0.047012,-0.059338,-0.067556,-0.071665,-0.059338,-0.10865,-0.067556,-0.083992,-0.096319,-0.096319,-0.09221,-0.10454,-0.15384,-0.075774,-0.12097,-0.059338,0.002296,0.010514,0.092694,0.002296,-0.026467,-0.16617,-0.18261,-0.22781,-0.19904,-0.22781,-0.23192,-0.24424,-0.28122,-0.23602,-0.24424,-0.24835,-0.21548,-0.23602,-0.25246,0.48305,1.1775,-1.0907,-2.9603,-4.834,-4.0656,-2.3316,-1.0743,-0.46202,-0.22781,-0.12919,-0.079883,-0.026467,0.031059,0.02695,0.096803,0.088585,0.16666,0.20774,0.23651,0.31047,0.39676,0.49948,0.60632,0.78711,0.98845,1.2514,1.5678,1.9212,2.2828,2.6772,3.0101,3.2402,3.2566,2.9854,2.3978,1.6911,1.0624,0.54468,0.20364,0.06804,-0.047012,-0.12097,-0.10865,-0.12919,-0.12097,-0.14974,-0.10454,-0.10043,-0.083992,-0.12508,-0.083992,-0.10043,-0.11276,-0.12919,-0.11686,-0.15384,-0.14152,-0.1785,-0.21137,-0.24835,-0.24835,-0.28944,-0.28533,-0.28944,-0.32231,-0.32231,-0.31409,-0.33875,-0.33875,-0.33875,-0.34286,-0.35108,-0.36751,-0.38395,-0.39217,-0.36751,-0.39217,-0.37573,-0.38395,-0.4086,-0.41682,-0.38395,-0.37573,-0.41271,-0.40038,-0.41271,-0.42504,1
1.9042,0.21214,0.16618,0.19835,0.19375,0.23052,0.20295,0.22133,0.19835,0.20295,0.19375,0.17996,0.15239,0.1386,0.12021,0.134,0.092633,0.092633,0.055862,0.074248,0.051266,0.037477,0.014495,0.046669,0.028284,0.023687,0.009898,0.023687,0.028284,0.03288,0.019091,0.019091,-0.003891,0.014495,0.009898,0.09723,0.14319,0.21214,0.17537,0.16158,-0.008487,-0.036066,-0.10501,-0.1188,-0.1234,-0.15098,-0.17396,-0.14178,-0.17855,-0.14638,-0.16936,-0.13259,-0.14638,-0.14178,0.046669,1.8117,0.48792,-2.0171,-4.6049,-5.708,-3.9798,-2.3572,-1.1668,-0.50949,-0.26129,-0.15098,-0.1142,-0.054451,-0.026873,-0.008487,0.037477,0.11102,0.17996,0.28109,0.36842,0.49712,0.66718,0.93377,1.2096,1.5405,1.8531,2.1794,2.4368,2.5793,2.5471,2.3035,1.8117,1.2279,0.69016,0.32245,0.092633,-0.026873,-0.10501,-0.16017,-0.16476,-0.17855,-0.19234,-0.16476,-0.18315,-0.14638,-0.1188,-0.13719,-0.12799,-0.12799,-0.13719,-0.12799,-0.13719,-0.14638,-0.19694,-0.18775,-0.22452,-0.20613,-0.25669,-0.22911,-0.26589,-0.26589,-0.29806,-0.26589,-0.29346,-0.28427,-0.31185,-0.26129,-0.29806,-0.32104,-0.31645,-0.31185,-0.32564,-0.33943,-0.36241,-0.30725,-0.23371,-0.18775,-0.12799,-0.13719,-0.13719,-0.25669,2
0.17533,0.18828,0.1926,0.20986,0.1926,0.18828,0.16238,0.14081,0.12786,0.10628,0.089015,0.093331,0.067435,0.058804,0.045856,0.050172,0.032909,0.037224,0.019961,0.037224,0.007013,0.002697,-0.023198,-0.023198,-0.014566,-0.040461,0.007013,-0.018882,0.028593,0.11059,0.14081,0.19691,0.20123,0.22281,0.019961,-0.092252,-0.11383,-0.15699,-0.13541,-0.18289,-0.17425,-0.20878,-0.20446,-0.19152,-0.17857,-0.14836,-0.16562,-0.13973,0.58966,2.1045,0.96514,-2.2502,-5.5605,-5.9834,-3.8341,-2.2157,-1.0072,-0.41594,-0.22173,-0.12678,-0.066357,-0.005934,-0.01025,0.067435,0.093331,0.15807,0.20123,0.31344,0.39544,0.53787,0.70618,0.93061,1.2025,1.483,1.7593,2.0355,2.1822,2.2685,2.1822,1.9405,1.5046,0.99535,0.59397,0.32639,0.080383,0.028593,-0.027514,-0.062041,-0.08362,-0.057725,-0.066357,-0.062041,-0.070672,-0.057725,-0.057725,-0.018882,-0.040461,0.007013,-0.062041,-0.070672,-0.053409,-0.087936,-0.079304,-0.10952,-0.12246,-0.13973,-0.16131,-0.10952,-0.11383,-0.13541,-0.14836,-0.14836,-0.14836,-0.1872,-0.16994,-0.14404,-0.18289,-0.16131,-0.16562,-0.14836,-0.16994,-0.15699,-0.16562,-0.036145,0.045856,0.067435,0.080383,0.10196,0.007013,-0.066357,-0.17857,-0.18289,-0.18289,-0.21741,-0.18289,-0.20446,2
0.76139,0.66669,0.71404,0.63828,0.68563,0.67616,0.67616,0.60041,0.60988,0.55306,0.58147,0.52465,0.55306,0.50571,0.572,0.49624,0.50571,0.45836,0.50571,0.50571,0.48677,0.42996,0.45836,0.40155,0.45836,0.39208,0.42049,0.36367,0.42996,0.33526,0.55306,0.59094,0.68563,0.43942,0.26897,0.070116,-0.015109,0.022768,0.032238,0.10799,0.25004,0.21216,0.22163,0.20269,0.2595,0.18375,0.24057,0.16481,0.19322,0.33526,1.3674,-0.99046,-4.2385,-6.5112,-4.693,-3.3957,-2.0416,-0.99046,-0.39389,-0.10033,0.1364,0.11746,0.21216,0.18375,0.19322,0.19322,0.24057,0.16481,0.26897,0.30685,0.44889,0.45836,0.58147,0.66669,0.89396,0.99812,1.2065,1.3864,1.5758,1.5947,1.5,1.1591,0.89396,0.43942,0.20269,0.00383,-0.1098,-0.13821,-0.18556,-0.27078,-0.25185,-0.26132,-0.18556,-0.22344,-0.18556,-0.27078,-0.1098,-0.17609,-0.16662,-0.25185,-0.21397,-0.16662,-0.18556,-0.2045,-0.15715,-0.24238,-0.31813,-0.25185,-0.26132,-0.24238,-0.3276,-0.30866,-0.28972,-0.4223,-0.33707,-0.38442,-0.33707,-0.44124,-0.33707,-0.37495,-0.39389,-0.36548,-0.30866,-0.38442,-0.31813,-0.18556,-0.090865,-0.024579,-0.26132,-0.46964,-0.59275,-0.77267,-0.72532,-0.64009,-0.4507,-0.4507,2
-0.073806,-0.10615,-0.069763,-0.089976,-0.098061,-0.11827,-0.073806,-0.094018,-0.053593,-0.11019,-0.10615,-0.12636,-0.11019,-0.14253,-0.12232,-0.13444,-0.11827,-0.23146,-0.11019,-0.14253,-0.13444,-0.14253,-0.13444,-0.17083,-0.15061,-0.15466,-0.1587,-0.14253,-0.17487,-0.11019,-0.065721,-0.041466,0.043427,-0.029338,-0.1021,-0.20317,-0.24359,-0.23955,-0.25572,-0.27189,-0.27189,-0.28806,-0.28806,-0.35274,-0.25976,-0.24359,-0.24359,-0.23146,-0.28402,0.67406,1.0055,-1.3795,-3.3078,-4.7914,-3.8616,-2.1759,-1.0076,-0.42146,-0.23551,-0.1021,-0.065721,-0.025295,0.011087,0.043427,0.09598,0.13236,0.18087,0.20109,0.26577,0.34257,0.40725,0.50427,0.64172,0.79938,1.0015,1.2926,1.5958,1.9232,2.3153,2.6791,3.0187,3.2572,3.2411,2.9621,2.3881,1.7292,1.1107,0.60534,0.26981,0.083853,-0.00104,-0.077848,-0.065721,-0.098061,-0.11019,-0.094018,-0.041466,-0.057636,-0.073806,-0.057636,-0.053593,-0.069763,-0.053593,-0.085933,-0.11019,-0.081891,-0.13444,-0.17487,-0.17891,-0.17487,-0.20721,-0.22742,-0.24359,-0.2638,-0.23551,-0.27997,-0.28806,-0.28806,-0.28402,-0.31636,-0.3204,-0.31231,-0.33657,-0.3204,-0.33253,-0.34061,-0.30019,-0.34465,-0.32444,-0.34465,-0.34465,-0.35678,-0.34465,-0.35678,-0.35274,-0.36487,1
0.27343,0.29648,0.30416,0.21196,0.25806,0.22733,0.22733,0.1966,0.18123,0.21965,0.21965,0.12745,0.20428,0.13513,0.13513,0.13513,0.11977,0.089033,0.058301,0.14281,0.13513,0.089033,0.11977,0.042935,0.11208,0.11977,0.089033,0.08135,0.13513,0.18891,0.31184,0.28879,0.36562,0.57307,0.22733,0.1044,0.042935,-0.033896,-0.033896,-0.15682,-0.15682,-0.09536,-0.15682,-0.15682,-0.11073,-0.14146,-0.11841,0.012203,0.42709,2.0713,5.4211,2.7551,-3.1609,-5.8653,-4.8742,-2.8536,-1.1479,-0.51025,-0.34122,-0.17987,-0.10304,-0.026213,0.012203,0.065984,-0.01853,0.089033,0.13513,0.16586,0.18123,0.1966,0.21965,0.35794,0.38867,0.49624,0.58843,0.74209,0.86502,1.0033,1.1416,1.2338,1.2492,1.157,0.98795,0.77283,0.5116,0.24269,0.042935,0.019886,-0.056945,-0.11073,-0.14146,-0.11073,-0.087677,-0.11073,-0.087677,-0.064628,-0.056945,-0.033896,-0.049262,-0.079994,-0.041579,-0.010847,-0.049262,-0.12609,-0.12609,-0.15682,-0.26439,-0.15682,-0.20292,-0.18756,-0.18756,-0.20292,-0.18756,-0.21829,-0.24902,-0.26439,-0.24902,-0.26439,-0.29512,-0.32585,-0.31049,-0.31049,-0.33354,-0.31049,-0.40268,-0.31049,-0.32585,-0.32585,-0.40268,-0.34122,-0.27975,-0.32585,-0.31049,-0.34122,-0.35658,-0.35658,1
0.96857,-0.12448,-0.14073,-0.12448,-0.15156,-0.1624,-0.18948,-0.16781,-0.16781,-0.18948,-0.17323,-0.25988,-0.17864,-0.19489,-0.19489,-0.25447,-0.19489,-0.16781,-0.20031,-0.18406,-0.22739,-0.22197,-0.22197,-0.18948,-0.21656,-0.2328,-0.18948,-0.22197,-0.25447,-0.24905,-0.24905,-0.23822,-0.22197,-0.2653,-0.1299,-0.043242,-0.010745,-0.010745,0.097576,0.06508,-0.10282,-0.2653,-0.31946,-0.29238,-0.36279,-0.39529,-0.36821,-0.33571,-0.4007,-0.33029,-0.30863,-0.32488,-0.2653,-0.25447,0.51461,2.2532,2.1394,-1.4352,-5.7085,-5.5785,-3.607,-1.9389,-0.82316,-0.44403,-0.27613,-0.13531,-0.091986,-0.075738,-0.043242,-0.010745,0.032583,0.075912,0.15174,0.1409,0.21131,0.31964,0.36838,0.48212,0.53628,0.73126,0.92624,1.1266,1.3758,1.6574,1.939,2.1232,2.3182,2.3073,2.1178,1.782,1.3108,0.86124,0.52545,0.3088,0.11924,0.054248,0.032583,0.048832,0.021751,0.005503,0.054248,0.054248,0.1409,0.11924,0.11924,0.15174,0.11924,0.10841,0.10841,0.10841,0.13549,0.000087,0.054248,0.06508,0.06508,0.027167,0.054248,0.016335,-0.005329,-0.005329,0.021751,-0.032409,-0.010745,-0.032409,0.000087,-0.010745,-0.010745,-0.032409,-0.021577,0.000087,-0.016161,-0.032409,0.005503,-0.054074,0.027167,-0.032409,1
0.003443,0.019776,0.041554,-0.040113,-0.029224,-0.051002,-0.01289,-0.045557,-0.11089,-0.083668,-0.072779,-0.040113,-0.034668,-0.072779,-0.1,-0.045557,-0.072779,-0.078224,-0.072779,-0.15445,-0.045557,-0.078224,-0.072779,-0.12722,-0.12722,-0.12722,-0.11633,-0.11633,-0.10545,-0.034668,0.063332,0.008887,0.063332,0.16133,0.22666,-0.002002,-0.149,-0.18167,-0.16533,-0.20345,-0.28511,-0.26878,-0.30689,-0.21433,-0.20345,-0.29056,-0.17078,-0.22522,-0.16533,0.62411,2.7039,2.4534,-1.0419,-5.6751,-5.4029,-3.3993,-1.717,-0.72067,-0.36678,-0.23067,-0.11633,-0.083668,-0.002002,-0.007446,0.025221,0.057887,0.10144,0.16678,0.21033,0.19944,0.27566,0.39,0.50978,0.64044,0.77111,0.95077,1.1958,1.4898,1.762,2.0124,2.2683,2.35,2.3445,2.1758,1.7892,1.3156,0.84189,0.51522,0.22666,0.12322,0.036109,-0.01289,-0.045557,-0.045557,0.014332,0.014332,-0.01289,-0.029224,-0.007446,0.019776,0.008887,-0.034668,0.030665,-0.018335,-0.051002,-0.051002,-0.029224,-0.10545,-0.14356,-0.149,-0.17078,-0.18711,-0.20889,-0.20889,0.439,-0.25245,-0.27967,-0.247,-0.25789,-0.23611,-0.27422,-0.32322,-0.296,-0.32322,-0.31778,-0.36133,-0.31233,-0.30689,-0.31233,-0.36133,-0.35589,-0.31778,-0.32322,-0.36133,-0.30145,-0.345,1
0.045691,-0.009422,-0.027793,-0.07372,-0.027793,-0.082906,-0.082906,-0.092091,-0.11965,-0.10128,-0.12883,-0.11965,-0.13802,-0.12424,-0.15639,-0.12883,-0.13343,-0.10128,-0.11965,-0.13802,-0.2115,-0.12424,-0.17476,-0.15639,-0.16098,-0.17476,-0.18854,-0.17935,-0.18395,-0.17017,-0.19772,-0.16557,-0.15639,-0.092091,-0.009422,0.013542,0.008949,-0.055349,-0.20691,-0.23447,-0.28039,-0.32632,-0.26202,-0.28958,-0.29417,-0.29876,-0.28039,-0.27121,-0.28958,-0.26202,-0.24365,-0.25743,0.11917,1.7496,-0.092091,-2.4941,-4.4552,-4.7675,-2.8569,-1.5342,-0.66159,-0.29876,-0.11965,-0.064535,-0.027793,0.018135,0.036505,0.064062,0.1008,0.15592,0.18347,0.17429,0.28911,0.34422,0.4177,0.53711,0.69786,0.90453,1.0699,1.4235,1.745,2.0986,2.489,2.8473,3.1182,3.256,3.0356,2.5533,1.8323,1.1571,0.64734,0.30288,0.1008,-0.018607,-0.041571,-0.082906,-0.096684,-0.059942,-0.064535,-0.059942,-0.041571,-0.014015,-0.009422,-0.018607,-0.027793,-0.027793,-0.064535,-0.055349,-0.11505,-0.10128,-0.15639,-0.1518,-0.19313,-0.20232,-0.21609,-0.23447,-0.22069,-0.28039,-0.26202,-0.28039,-0.2758,-0.28039,-0.29876,-0.28958,-0.29876,-0.29876,-0.30795,-0.29876,-0.32632,-0.29876,-0.32632,-0.33091,-0.32632,-0.33551,-0.34469,-0.32632,1
0.22887,0.23915,0.26486,0.28542,0.24429,0.28028,0.27,0.25972,0.21859,0.20316,0.16717,0.1826,0.15175,0.13118,0.12604,0.11576,0.079767,0.12604,0.069485,0.074626,0.064343,0.064343,0.059202,0.084909,0.038636,0.064343,0.043778,0.033495,0.028353,0.012929,-0.017919,-0.002495,0.059202,0.12604,0.15175,0.2083,0.25972,0.25972,0.069485,-0.079616,-0.12075,-0.15674,-0.22872,-0.21329,-0.21843,-0.23386,-0.24928,-0.22872,-0.21843,-0.21843,-0.20301,-0.14645,0.88183,3.1338,2.4397,-1.5809,-6.2287,-6.1413,-4.0796,-2.3161,-1.0411,-0.54748,-0.38296,-0.26471,-0.21329,-0.20301,-0.16702,-0.12589,-0.089899,-0.043626,-0.007637,0.09005,0.16203,0.27514,0.41396,0.61447,0.79442,0.99494,1.1903,1.3291,1.396,1.432,1.3137,1.1543,0.85612,0.57848,0.31627,0.19802,0.064343,0.007788,-0.048768,-0.043626,-0.069333,-0.059051,-0.059051,-0.043626,0.023212,0.012929,0.038636,0.069485,0.059202,0.064343,0.05406,0.074626,0.05406,0.038636,0.033495,0.018071,-0.002495,-0.002495,-0.012778,-0.023061,-0.012778,0.007788,-0.064192,-0.053909,-0.012778,-0.017919,-0.033343,-0.033343,-0.048768,-0.033343,-0.048768,-0.033343,-0.033343,-0.017919,-0.038485,-0.007637,0.11576,0.16203,0.20316,0.27514,0.34198,0.20316,0.064343,-0.074475,2
-0.21603,-0.19375,-0.18817,-0.15475,-0.18817,-0.2216,-0.16032,-0.19932,-0.1826,-0.17146,-0.1826,-0.20489,-0.14918,-0.19932,-0.17703,-0.17703,-0.20489,-0.24945,-0.19932,-0.15475,-0.17146,-0.14361,-0.17146,-0.17146,-0.20489,-0.19375,-0.14361,-0.15475,-0.11018,-0.1269,-0.060049,0.029082,0.034653,0.056936,0.17392,0.029082,-0.015483,-0.16589,-0.28288,-0.19375,-0.34415,-0.25502,-0.26616,-0.29959,-0.2216,-0.27731,-0.26059,-0.17703,-0.14918,0.079218,1.3103,3.2601,0.98167,-3.3356,-5.8201,-4.6949,-2.6393,-1.1241,-0.44443,-0.26059,-0.15475,-0.082332,-0.004342,0.051365,0.068077,0.062506,0.12378,0.18506,0.21849,0.26862,0.30762,0.29648,0.47474,0.60286,0.70314,0.89254,1.1209,1.3215,1.6724,1.8786,2.1627,2.3186,2.3911,2.4356,2.1069,1.6557,1.2324,0.75884,0.39675,0.24634,0.15721,0.09036,0.040224,0.040224,0.001229,0.073648,0.045794,0.056936,0.073648,0.084789,0.073648,0.15721,0.11821,0.079218,0.056936,0.01237,-0.004342,-0.060049,-0.048907,-0.093473,-0.099044,-0.14918,-0.15475,-0.17703,-0.1269,-0.14361,-0.17146,-0.19375,-0.19932,-0.24945,-0.22717,-0.27173,-0.27731,-0.26616,-0.25502,-0.24388,-0.26616,-0.28845,-0.29402,-0.31073,-0.25502,-0.27731,-0.24388,-0.29959,-0.23274,-0.29402,1